Id,Prediction,Target
1,1,1
2,1,1
3,1,1
4,1,1
5,1,1
6,1,1
7,1,1
8,1,1
9,9,1
10,1,1
11,1,1
12,9,1
13,1,1
14,1,1
15,1,1
16,1,1
17,1,1
18,1,1
19,1,1
20,1,1
21,1,1
22,1,1
23,1,1
24,5,1
25,1,1
26,1,1
27,1,1
28,1,1
29,1,1
30,1,1
31,1,1
32,1,1
33,1,1
34,1,1
35,10,1
36,1,1
37,1,1
38,1,1
39,1,1
40,1,1
41,1,1
42,1,1
43,3,1
44,1,1
45,1,1
46,1,1
47,4,1
48,1,1
49,1,1
50,1,1
51,1,1
52,1,1
53,1,1
54,1,1
55,1,1
56,10,1
57,1,1
58,1,1
59,1,1
60,1,1
61,1,1
62,1,1
63,1,1
64,1,1
65,4,1
66,1,1
67,1,1
68,1,1
69,10,1
70,1,1
71,1,1
72,1,1
73,1,1
74,1,1
75,1,1
76,1,1
77,1,1
78,1,1
79,1,1
80,1,1
81,3,1
82,1,1
83,1,1
84,1,1
85,1,1
86,1,1
87,1,1
88,3,1
89,1,1
90,1,1
91,1,1
92,1,1
93,1,1
94,1,1
95,1,1
96,1,1
97,1,1
98,1,1
99,1,1
100,1,1
101,1,1
102,7,1
103,1,1
104,1,1
105,1,1
106,8,1
107,1,1
108,9,1
109,1,1
110,3,1
111,1,1
112,1,1
113,1,1
114,1,1
115,1,1
116,1,1
117,1,1
118,1,1
119,1,1
120,1,1
121,1,1
122,1,1
123,1,1
124,1,1
125,1,1
126,1,1
127,1,1
128,10,1
129,1,1
130,1,1
131,1,1
132,1,1
133,1,1
134,1,1
135,1,1
136,1,1
137,1,1
138,1,1
139,1,1
140,1,1
141,6,1
142,1,1
143,1,1
144,1,1
145,1,1
146,1,1
147,1,1
148,1,1
149,1,1
150,1,1
151,1,1
152,1,1
153,1,1
154,1,1
155,1,1
156,1,1
157,1,1
158,7,1
159,1,1
160,1,1
161,1,1
162,1,1
163,10,1
164,1,1
165,9,1
166,10,1
167,1,1
168,1,1
169,1,1
170,1,1
171,1,1
172,1,1
173,3,1
174,6,1
175,1,1
176,9,1
177,1,1
178,1,1
179,1,1
180,1,1
181,1,1
182,9,1
183,1,1
184,10,1
185,1,1
186,1,1
187,1,1
188,1,1
189,1,1
190,1,1
191,1,1
192,1,1
193,1,1
194,1,1
195,1,1
196,1,1
197,1,1
198,1,1
199,9,1
200,1,1
201,9,1
202,1,1
203,1,1
204,3,1
205,1,1
206,1,1
207,1,1
208,1,1
209,1,1
210,1,1
211,1,1
212,9,1
213,10,1
214,1,1
215,1,1
216,1,1
217,1,1
218,1,1
219,1,1
220,1,1
221,1,1
222,1,1
223,1,1
224,1,1
225,1,1
226,1,1
227,10,1
228,1,1
229,1,1
230,1,1
231,1,1
232,1,1
233,1,1
234,3,1
235,3,1
236,1,1
237,2,1
238,1,1
239,4,1
240,10,1
241,1,1
242,1,1
243,1,1
244,1,1
245,1,1
246,3,1
247,1,1
248,1,1
249,1,1
250,1,1
251,1,1
252,1,1
253,1,1
254,1,1
255,1,1
256,1,1
257,9,1
258,1,1
259,1,1
260,1,1
261,1,1
262,2,1
263,1,1
264,1,1
265,1,1
266,1,1
267,1,1
268,1,1
269,7,1
270,1,1
271,1,1
272,1,1
273,1,1
274,1,1
275,1,1
276,1,1
277,2,1
278,1,1
279,1,1
280,3,1
281,10,1
282,1,1
283,1,1
284,1,1
285,1,1
286,1,1
287,1,1
288,1,1
289,3,1
290,1,1
291,1,1
292,1,1
293,1,1
294,1,1
295,1,1
296,9,1
297,1,1
298,1,1
299,1,1
300,1,1
301,10,1
302,1,1
303,1,1
304,10,1
305,1,1
306,1,1
307,1,1
308,1,1
309,1,1
310,1,1
311,1,1
312,1,1
313,1,1
314,1,1
315,1,1
316,1,1
317,1,1
318,1,1
319,9,1
320,1,1
321,1,1
322,1,1
323,1,1
324,1,1
325,1,1
326,1,1
327,1,1
328,1,1
329,1,1
330,1,1
331,1,1
332,1,1
333,3,1
334,9,1
335,1,1
336,1,1
337,1,1
338,1,1
339,1,1
340,1,1
341,1,1
342,1,1
343,1,1
344,1,1
345,9,1
346,1,1
347,1,1
348,1,1
349,1,1
350,1,1
351,1,1
352,1,1
353,1,1
354,1,1
355,1,1
356,1,1
357,1,1
358,1,1
359,1,1
360,1,1
361,2,1
362,1,1
363,10,1
364,1,1
365,1,1
366,1,1
367,1,1
368,9,1
369,1,1
370,1,1
371,1,1
372,1,1
373,1,1
374,1,1
375,1,1
376,1,1
377,1,1
378,1,1
379,2,1
380,1,1
381,1,1
382,1,1
383,3,1
384,1,1
385,1,1
386,1,1
387,1,1
388,1,1
389,1,1
390,10,1
391,1,1
392,1,1
393,1,1
394,1,1
395,1,1
396,1,1
397,9,1
398,1,1
399,1,1
400,1,1
401,1,1
402,1,1
403,1,1
404,1,1
405,1,1
406,1,1
407,1,1
408,1,1
409,10,1
410,1,1
411,1,1
412,1,1
413,10,1
414,1,1
415,1,1
416,1,1
417,1,1
418,1,1
419,10,1
420,1,1
421,1,1
422,1,1
423,4,1
424,1,1
425,10,1
426,1,1
427,1,1
428,1,1
429,10,1
430,10,1
431,1,1
432,1,1
433,1,1
434,1,1
435,1,1
436,1,1
437,1,1
438,1,1
439,10,1
440,1,1
441,1,1
442,1,1
443,1,1
444,1,1
445,1,1
446,9,1
447,1,1
448,1,1
449,10,1
450,1,1
451,1,1
452,1,1
453,1,1
454,1,1
455,1,1
456,1,1
457,1,1
458,1,1
459,1,1
460,1,1
461,1,1
462,1,1
463,1,1
464,1,1
465,1,1
466,1,1
467,6,1
468,1,1
469,1,1
470,9,1
471,6,1
472,1,1
473,1,1
474,4,1
475,1,1
476,1,1
477,1,1
478,1,1
479,1,1
480,1,1
481,1,1
482,1,1
483,1,1
484,1,1
485,1,1
486,1,1
487,1,1
488,1,1
489,10,1
490,1,1
491,1,1
492,10,1
493,1,1
494,1,1
495,1,1
496,2,1
497,1,1
498,1,1
499,1,1
500,3,1
501,1,1
502,1,1
503,1,1
504,1,1
505,1,1
506,1,1
507,1,1
508,1,1
509,1,1
510,4,1
511,1,1
512,1,1
513,1,1
514,1,1
515,1,1
516,1,1
517,1,1
518,1,1
519,1,1
520,1,1
521,1,1
522,1,1
523,1,1
524,1,1
525,3,1
526,9,1
527,1,1
528,1,1
529,9,1
530,1,1
531,1,1
532,1,1
533,1,1
534,1,1
535,1,1
536,1,1
537,7,1
538,1,1
539,1,1
540,1,1
541,1,1
542,1,1
543,1,1
544,9,1
545,1,1
546,1,1
547,1,1
548,1,1
549,1,1
550,1,1
551,1,1
552,1,1
553,1,1
554,1,1
555,1,1
556,1,1
557,1,1
558,1,1
559,1,1
560,1,1
561,1,1
562,1,1
563,1,1
564,1,1
565,1,1
566,1,1
567,1,1
568,1,1
569,1,1
570,1,1
571,1,1
572,1,1
573,1,1
574,1,1
575,1,1
576,1,1
577,1,1
578,1,1
579,1,1
580,1,1
581,1,1
582,1,1
583,1,1
584,1,1
585,1,1
586,1,1
587,1,1
588,9,1
589,1,1
590,1,1
591,1,1
592,1,1
593,1,1
594,1,1
595,1,1
596,1,1
597,1,1
598,1,1
599,1,1
600,1,1
601,1,1
602,3,1
603,1,1
604,1,1
605,1,1
606,1,1
607,1,1
608,1,1
609,1,1
610,1,1
611,1,1
612,1,1
613,1,1
614,1,1
615,1,1
616,1,1
617,1,1
618,1,1
619,1,1
620,4,1
621,1,1
622,1,1
623,1,1
624,1,1
625,1,1
626,1,1
627,1,1
628,1,1
629,1,1
630,1,1
631,1,1
632,10,1
633,1,1
634,1,1
635,1,1
636,6,1
637,1,1
638,1,1
639,1,1
640,1,1
641,1,1
642,7,1
643,1,1
644,1,1
645,1,1
646,1,1
647,10,1
648,1,1
649,1,1
650,1,1
651,1,1
652,1,1
653,1,1
654,1,1
655,1,1
656,1,1
657,10,1
658,1,1
659,1,1
660,1,1
661,1,1
662,1,1
663,1,1
664,9,1
665,1,1
666,1,1
667,1,1
668,1,1
669,9,1
670,1,1
671,1,1
672,1,1
673,10,1
674,1,1
675,1,1
676,1,1
677,1,1
678,2,1
679,1,1
680,1,1
681,1,1
682,1,1
683,1,1
684,1,1
685,1,1
686,1,1
687,1,1
688,1,1
689,1,1
690,1,1
691,1,1
692,1,1
693,1,1
694,1,1
695,1,1
696,1,1
697,1,1
698,1,1
699,1,1
700,9,1
701,1,1
702,1,1
703,1,1
704,1,1
705,1,1
706,1,1
707,1,1
708,1,1
709,1,1
710,9,1
711,1,1
712,1,1
713,10,1
714,1,1
715,1,1
716,1,1
717,1,1
718,1,1
719,4,1
720,3,1
721,1,1
722,1,1
723,1,1
724,1,1
725,1,1
726,1,1
727,1,1
728,1,1
729,1,1
730,1,1
731,1,1
732,1,1
733,9,1
734,1,1
735,7,1
736,1,1
737,1,1
738,1,1
739,1,1
740,1,1
741,1,1
742,1,1
743,1,1
744,1,1
745,1,1
746,1,1
747,1,1
748,1,1
749,1,1
750,1,1
751,1,1
752,1,1
753,1,1
754,1,1
755,1,1
756,1,1
757,1,1
758,1,1
759,1,1
760,1,1
761,1,1
762,1,1
763,1,1
764,1,1
765,1,1
766,1,1
767,1,1
768,1,1
769,1,1
770,1,1
771,1,1
772,1,1
773,1,1
774,3,1
775,1,1
776,1,1
777,1,1
778,1,1
779,1,1
780,1,1
781,1,1
782,1,1
783,1,1
784,1,1
785,1,1
786,1,1
787,1,1
788,1,1
789,1,1
790,1,1
791,1,1
792,1,1
793,1,1
794,1,1
795,1,1
796,1,1
797,1,1
798,1,1
799,1,1
800,1,1
801,2,2
802,7,2
803,2,2
804,2,2
805,8,2
806,4,2
807,2,2
808,2,2
809,2,2
810,8,2
811,2,2
812,4,2
813,9,2
814,8,2
815,2,2
816,2,2
817,8,2
818,2,2
819,4,2
820,2,2
821,2,2
822,2,2
823,2,2
824,2,2
825,2,2
826,2,2
827,1,2
828,2,2
829,7,2
830,2,2
831,4,2
832,4,2
833,3,2
834,2,2
835,2,2
836,2,2
837,2,2
838,2,2
839,2,2
840,2,2
841,1,2
842,2,2
843,2,2
844,8,2
845,5,2
846,2,2
847,2,2
848,2,2
849,4,2
850,2,2
851,2,2
852,2,2
853,2,2
854,5,2
855,2,2
856,5,2
857,7,2
858,5,2
859,2,2
860,2,2
861,2,2
862,2,2
863,8,2
864,2,2
865,1,2
866,2,2
867,5,2
868,2,2
869,2,2
870,2,2
871,2,2
872,2,2
873,7,2
874,8,2
875,2,2
876,2,2
877,2,2
878,8,2
879,1,2
880,2,2
881,2,2
882,9,2
883,2,2
884,2,2
885,2,2
886,2,2
887,7,2
888,2,2
889,5,2
890,4,2
891,6,2
892,2,2
893,2,2
894,2,2
895,2,2
896,2,2
897,2,2
898,2,2
899,2,2
900,2,2
901,2,2
902,2,2
903,3,2
904,2,2
905,2,2
906,8,2
907,5,2
908,4,2
909,4,2
910,4,2
911,2,2
912,2,2
913,4,2
914,2,2
915,2,2
916,2,2
917,2,2
918,2,2
919,2,2
920,4,2
921,5,2
922,2,2
923,4,2
924,2,2
925,2,2
926,2,2
927,2,2
928,2,2
929,2,2
930,2,2
931,2,2
932,2,2
933,2,2
934,2,2
935,6,2
936,2,2
937,2,2
938,2,2
939,2,2
940,2,2
941,9,2
942,2,2
943,2,2
944,8,2
945,5,2
946,4,2
947,4,2
948,2,2
949,2,2
950,2,2
951,2,2
952,4,2
953,10,2
954,2,2
955,2,2
956,1,2
957,2,2
958,1,2
959,6,2
960,6,2
961,2,2
962,2,2
963,2,2
964,2,2
965,2,2
966,2,2
967,2,2
968,6,2
969,2,2
970,2,2
971,4,2
972,8,2
973,2,2
974,4,2
975,4,2
976,2,2
977,2,2
978,2,2
979,6,2
980,7,2
981,2,2
982,4,2
983,2,2
984,2,2
985,4,2
986,2,2
987,2,2
988,2,2
989,2,2
990,2,2
991,6,2
992,8,2
993,2,2
994,5,2
995,2,2
996,4,2
997,2,2
998,2,2
999,7,2
1000,1,2
1001,2,2
1002,2,2
1003,4,2
1004,4,2
1005,2,2
1006,2,2
1007,2,2
1008,2,2
1009,4,2
1010,2,2
1011,2,2
1012,2,2
1013,2,2
1014,2,2
1015,2,2
1016,6,2
1017,3,2
1018,2,2
1019,2,2
1020,2,2
1021,4,2
1022,4,2
1023,2,2
1024,6,2
1025,2,2
1026,2,2
1027,2,2
1028,7,2
1029,5,2
1030,4,2
1031,6,2
1032,1,2
1033,2,2
1034,2,2
1035,2,2
1036,6,2
1037,2,2
1038,4,2
1039,2,2
1040,2,2
1041,2,2
1042,8,2
1043,4,2
1044,2,2
1045,2,2
1046,8,2
1047,2,2
1048,7,2
1049,2,2
1050,6,2
1051,8,2
1052,2,2
1053,2,2
1054,2,2
1055,9,2
1056,2,2
1057,2,2
1058,2,2
1059,1,2
1060,6,2
1061,1,2
1062,2,2
1063,2,2
1064,2,2
1065,2,2
1066,8,2
1067,2,2
1068,4,2
1069,2,2
1070,4,2
1071,2,2
1072,2,2
1073,2,2
1074,4,2
1075,2,2
1076,2,2
1077,2,2
1078,2,2
1079,2,2
1080,2,2
1081,2,2
1082,2,2
1083,2,2
1084,6,2
1085,2,2
1086,7,2
1087,2,2
1088,2,2
1089,8,2
1090,8,2
1091,2,2
1092,2,2
1093,2,2
1094,2,2
1095,2,2
1096,2,2
1097,2,2
1098,5,2
1099,2,2
1100,2,2
1101,1,2
1102,2,2
1103,2,2
1104,5,2
1105,2,2
1106,2,2
1107,2,2
1108,2,2
1109,6,2
1110,2,2
1111,2,2
1112,4,2
1113,6,2
1114,2,2
1115,8,2
1116,4,2
1117,2,2
1118,2,2
1119,2,2
1120,2,2
1121,2,2
1122,2,2
1123,2,2
1124,8,2
1125,2,2
1126,2,2
1127,2,2
1128,6,2
1129,4,2
1130,8,2
1131,2,2
1132,5,2
1133,2,2
1134,2,2
1135,5,2
1136,2,2
1137,2,2
1138,2,2
1139,2,2
1140,2,2
1141,2,2
1142,2,2
1143,2,2
1144,2,2
1145,2,2
1146,6,2
1147,2,2
1148,2,2
1149,1,2
1150,8,2
1151,2,2
1152,2,2
1153,2,2
1154,2,2
1155,2,2
1156,2,2
1157,2,2
1158,2,2
1159,2,2
1160,2,2
1161,1,2
1162,2,2
1163,2,2
1164,2,2
1165,5,2
1166,2,2
1167,2,2
1168,2,2
1169,2,2
1170,2,2
1171,2,2
1172,2,2
1173,2,2
1174,7,2
1175,2,2
1176,8,2
1177,2,2
1178,2,2
1179,2,2
1180,1,2
1181,2,2
1182,4,2
1183,2,2
1184,4,2
1185,2,2
1186,2,2
1187,2,2
1188,5,2
1189,2,2
1190,4,2
1191,2,2
1192,5,2
1193,2,2
1194,4,2
1195,1,2
1196,8,2
1197,2,2
1198,8,2
1199,2,2
1200,6,2
1201,8,2
1202,2,2
1203,2,2
1204,2,2
1205,2,2
1206,7,2
1207,8,2
1208,2,2
1209,8,2
1210,2,2
1211,2,2
1212,2,2
1213,5,2
1214,2,2
1215,2,2
1216,2,2
1217,2,2
1218,2,2
1219,2,2
1220,2,2
1221,4,2
1222,2,2
1223,2,2
1224,2,2
1225,2,2
1226,2,2
1227,4,2
1228,2,2
1229,1,2
1230,8,2
1231,2,2
1232,5,2
1233,2,2
1234,2,2
1235,8,2
1236,2,2
1237,2,2
1238,8,2
1239,2,2
1240,2,2
1241,2,2
1242,2,2
1243,5,2
1244,6,2
1245,2,2
1246,2,2
1247,2,2
1248,7,2
1249,6,2
1250,2,2
1251,2,2
1252,5,2
1253,2,2
1254,2,2
1255,2,2
1256,2,2
1257,7,2
1258,4,2
1259,8,2
1260,2,2
1261,2,2
1262,2,2
1263,8,2
1264,2,2
1265,5,2
1266,2,2
1267,2,2
1268,2,2
1269,2,2
1270,6,2
1271,2,2
1272,2,2
1273,2,2
1274,2,2
1275,2,2
1276,2,2
1277,2,2
1278,7,2
1279,2,2
1280,2,2
1281,2,2
1282,2,2
1283,2,2
1284,9,2
1285,2,2
1286,1,2
1287,4,2
1288,2,2
1289,2,2
1290,4,2
1291,2,2
1292,1,2
1293,2,2
1294,2,2
1295,2,2
1296,2,2
1297,2,2
1298,2,2
1299,2,2
1300,2,2
1301,5,2
1302,2,2
1303,2,2
1304,2,2
1305,2,2
1306,8,2
1307,7,2
1308,4,2
1309,2,2
1310,2,2
1311,2,2
1312,2,2
1313,4,2
1314,2,2
1315,2,2
1316,4,2
1317,9,2
1318,2,2
1319,2,2
1320,8,2
1321,2,2
1322,2,2
1323,2,2
1324,2,2
1325,2,2
1326,4,2
1327,2,2
1328,2,2
1329,4,2
1330,8,2
1331,6,2
1332,2,2
1333,2,2
1334,2,2
1335,7,2
1336,2,2
1337,2,2
1338,8,2
1339,7,2
1340,8,2
1341,4,2
1342,6,2
1343,2,2
1344,2,2
1345,2,2
1346,2,2
1347,1,2
1348,4,2
1349,8,2
1350,7,2
1351,2,2
1352,8,2
1353,2,2
1354,6,2
1355,4,2
1356,2,2
1357,2,2
1358,2,2
1359,1,2
1360,4,2
1361,6,2
1362,2,2
1363,2,2
1364,2,2
1365,8,2
1366,2,2
1367,2,2
1368,6,2
1369,4,2
1370,2,2
1371,2,2
1372,2,2
1373,2,2
1374,2,2
1375,2,2
1376,2,2
1377,4,2
1378,2,2
1379,2,2
1380,2,2
1381,1,2
1382,5,2
1383,2,2
1384,7,2
1385,2,2
1386,4,2
1387,1,2
1388,4,2
1389,7,2
1390,2,2
1391,6,2
1392,2,2
1393,2,2
1394,2,2
1395,8,2
1396,2,2
1397,4,2
1398,2,2
1399,4,2
1400,2,2
1401,2,2
1402,2,2
1403,2,2
1404,4,2
1405,2,2
1406,8,2
1407,2,2
1408,6,2
1409,2,2
1410,2,2
1411,8,2
1412,2,2
1413,1,2
1414,2,2
1415,2,2
1416,2,2
1417,3,2
1418,2,2
1419,2,2
1420,2,2
1421,7,2
1422,2,2
1423,8,2
1424,2,2
1425,5,2
1426,2,2
1427,5,2
1428,7,2
1429,2,2
1430,6,2
1431,2,2
1432,2,2
1433,4,2
1434,2,2
1435,4,2
1436,2,2
1437,2,2
1438,8,2
1439,5,2
1440,7,2
1441,2,2
1442,8,2
1443,2,2
1444,2,2
1445,2,2
1446,2,2
1447,6,2
1448,2,2
1449,2,2
1450,2,2
1451,6,2
1452,2,2
1453,4,2
1454,2,2
1455,8,2
1456,8,2
1457,2,2
1458,6,2
1459,8,2
1460,2,2
1461,2,2
1462,2,2
1463,2,2
1464,2,2
1465,2,2
1466,7,2
1467,2,2
1468,5,2
1469,2,2
1470,2,2
1471,4,2
1472,1,2
1473,2,2
1474,2,2
1475,2,2
1476,2,2
1477,5,2
1478,2,2
1479,2,2
1480,2,2
1481,10,2
1482,4,2
1483,6,2
1484,2,2
1485,2,2
1486,2,2
1487,4,2
1488,2,2
1489,8,2
1490,7,2
1491,2,2
1492,8,2
1493,2,2
1494,7,2
1495,4,2
1496,2,2
1497,2,2
1498,2,2
1499,1,2
1500,8,2
1501,2,2
1502,2,2
1503,2,2
1504,2,2
1505,2,2
1506,2,2
1507,2,2
1508,6,2
1509,8,2
1510,2,2
1511,4,2
1512,2,2
1513,4,2
1514,5,2
1515,2,2
1516,8,2
1517,8,2
1518,2,2
1519,2,2
1520,2,2
1521,2,2
1522,2,2
1523,2,2
1524,8,2
1525,2,2
1526,4,2
1527,2,2
1528,2,2
1529,2,2
1530,2,2
1531,4,2
1532,8,2
1533,2,2
1534,2,2
1535,2,2
1536,4,2
1537,5,2
1538,6,2
1539,2,2
1540,2,2
1541,2,2
1542,2,2
1543,9,2
1544,2,2
1545,2,2
1546,8,2
1547,8,2
1548,2,2
1549,2,2
1550,2,2
1551,2,2
1552,9,2
1553,2,2
1554,8,2
1555,2,2
1556,4,2
1557,2,2
1558,2,2
1559,2,2
1560,4,2
1561,2,2
1562,8,2
1563,2,2
1564,2,2
1565,7,2
1566,8,2
1567,2,2
1568,2,2
1569,8,2
1570,5,2
1571,2,2
1572,8,2
1573,8,2
1574,2,2
1575,1,2
1576,8,2
1577,4,2
1578,6,2
1579,7,2
1580,2,2
1581,2,2
1582,2,2
1583,2,2
1584,2,2
1585,2,2
1586,6,2
1587,2,2
1588,3,2
1589,2,2
1590,2,2
1591,7,2
1592,8,2
1593,2,2
1594,2,2
1595,2,2
1596,8,2
1597,2,2
1598,8,2
1599,2,2
1600,4,2
1601,3,3
1602,3,3
1603,3,3
1604,3,3
1605,3,3
1606,3,3
1607,3,3
1608,8,3
1609,3,3
1610,3,3
1611,3,3
1612,3,3
1613,3,3
1614,3,3
1615,3,3
1616,3,3
1617,3,3
1618,3,3
1619,3,3
1620,3,3
1621,3,3
1622,3,3
1623,4,3
1624,3,3
1625,10,3
1626,3,3
1627,3,3
1628,3,3
1629,3,3
1630,3,3
1631,3,3
1632,3,3
1633,3,3
1634,3,3
1635,3,3
1636,3,3
1637,3,3
1638,3,3
1639,3,3
1640,3,3
1641,3,3
1642,3,3
1643,3,3
1644,3,3
1645,3,3
1646,3,3
1647,3,3
1648,3,3
1649,3,3
1650,3,3
1651,3,3
1652,3,3
1653,3,3
1654,3,3
1655,3,3
1656,3,3
1657,3,3
1658,3,3
1659,3,3
1660,3,3
1661,3,3
1662,10,3
1663,3,3
1664,3,3
1665,3,3
1666,3,3
1667,3,3
1668,7,3
1669,3,3
1670,3,3
1671,3,3
1672,3,3
1673,3,3
1674,3,3
1675,3,3
1676,3,3
1677,3,3
1678,10,3
1679,3,3
1680,3,3
1681,3,3
1682,3,3
1683,3,3
1684,3,3
1685,3,3
1686,3,3
1687,3,3
1688,3,3
1689,3,3
1690,3,3
1691,3,3
1692,3,3
1693,3,3
1694,3,3
1695,3,3
1696,3,3
1697,3,3
1698,3,3
1699,3,3
1700,3,3
1701,3,3
1702,3,3
1703,3,3
1704,3,3
1705,3,3
1706,3,3
1707,3,3
1708,3,3
1709,3,3
1710,3,3
1711,10,3
1712,3,3
1713,3,3
1714,3,3
1715,3,3
1716,3,3
1717,3,3
1718,3,3
1719,3,3
1720,3,3
1721,3,3
1722,3,3
1723,3,3
1724,3,3
1725,3,3
1726,3,3
1727,3,3
1728,3,3
1729,3,3
1730,3,3
1731,10,3
1732,3,3
1733,3,3
1734,3,3
1735,3,3
1736,3,3
1737,3,3
1738,3,3
1739,3,3
1740,3,3
1741,3,3
1742,10,3
1743,3,3
1744,3,3
1745,3,3
1746,3,3
1747,3,3
1748,3,3
1749,6,3
1750,3,3
1751,3,3
1752,3,3
1753,3,3
1754,3,3
1755,3,3
1756,3,3
1757,3,3
1758,3,3
1759,3,3
1760,3,3
1761,3,3
1762,10,3
1763,3,3
1764,3,3
1765,3,3
1766,3,3
1767,3,3
1768,10,3
1769,3,3
1770,3,3
1771,3,3
1772,3,3
1773,10,3
1774,3,3
1775,3,3
1776,3,3
1777,3,3
1778,3,3
1779,3,3
1780,3,3
1781,3,3
1782,3,3
1783,3,3
1784,3,3
1785,3,3
1786,7,3
1787,3,3
1788,3,3
1789,3,3
1790,3,3
1791,3,3
1792,3,3
1793,3,3
1794,3,3
1795,3,3
1796,3,3
1797,3,3
1798,3,3
1799,3,3
1800,3,3
1801,3,3
1802,3,3
1803,3,3
1804,3,3
1805,3,3
1806,3,3
1807,3,3
1808,3,3
1809,3,3
1810,3,3
1811,3,3
1812,3,3
1813,3,3
1814,3,3
1815,3,3
1816,3,3
1817,3,3
1818,3,3
1819,3,3
1820,10,3
1821,3,3
1822,3,3
1823,3,3
1824,3,3
1825,3,3
1826,3,3
1827,3,3
1828,3,3
1829,3,3
1830,1,3
1831,3,3
1832,3,3
1833,3,3
1834,3,3
1835,3,3
1836,3,3
1837,10,3
1838,3,3
1839,3,3
1840,3,3
1841,3,3
1842,3,3
1843,3,3
1844,3,3
1845,3,3
1846,10,3
1847,3,3
1848,3,3
1849,3,3
1850,3,3
1851,3,3
1852,3,3
1853,3,3
1854,3,3
1855,3,3
1856,3,3
1857,3,3
1858,10,3
1859,3,3
1860,3,3
1861,3,3
1862,3,3
1863,3,3
1864,10,3
1865,3,3
1866,3,3
1867,3,3
1868,3,3
1869,3,3
1870,3,3
1871,3,3
1872,3,3
1873,3,3
1874,3,3
1875,3,3
1876,3,3
1877,1,3
1878,3,3
1879,3,3
1880,3,3
1881,3,3
1882,3,3
1883,3,3
1884,3,3
1885,3,3
1886,3,3
1887,3,3
1888,3,3
1889,3,3
1890,3,3
1891,3,3
1892,3,3
1893,3,3
1894,3,3
1895,3,3
1896,3,3
1897,3,3
1898,3,3
1899,3,3
1900,3,3
1901,3,3
1902,3,3
1903,3,3
1904,3,3
1905,3,3
1906,3,3
1907,3,3
1908,3,3
1909,3,3
1910,3,3
1911,3,3
1912,3,3
1913,3,3
1914,3,3
1915,3,3
1916,3,3
1917,3,3
1918,3,3
1919,3,3
1920,3,3
1921,3,3
1922,3,3
1923,3,3
1924,3,3
1925,3,3
1926,3,3
1927,3,3
1928,3,3
1929,3,3
1930,3,3
1931,3,3
1932,3,3
1933,3,3
1934,3,3
1935,3,3
1936,3,3
1937,3,3
1938,3,3
1939,3,3
1940,3,3
1941,3,3
1942,3,3
1943,3,3
1944,10,3
1945,3,3
1946,3,3
1947,3,3
1948,3,3
1949,3,3
1950,3,3
1951,3,3
1952,3,3
1953,3,3
1954,3,3
1955,3,3
1956,3,3
1957,3,3
1958,3,3
1959,1,3
1960,3,3
1961,3,3
1962,3,3
1963,3,3
1964,3,3
1965,3,3
1966,3,3
1967,3,3
1968,3,3
1969,3,3
1970,3,3
1971,3,3
1972,3,3
1973,3,3
1974,3,3
1975,3,3
1976,3,3
1977,3,3
1978,3,3
1979,3,3
1980,3,3
1981,3,3
1982,1,3
1983,3,3
1984,3,3
1985,3,3
1986,3,3
1987,3,3
1988,3,3
1989,3,3
1990,3,3
1991,3,3
1992,3,3
1993,3,3
1994,3,3
1995,3,3
1996,3,3
1997,3,3
1998,3,3
1999,1,3
2000,3,3
2001,3,3
2002,3,3
2003,3,3
2004,3,3
2005,3,3
2006,3,3
2007,3,3
2008,3,3
2009,3,3
2010,3,3
2011,3,3
2012,3,3
2013,3,3
2014,3,3
2015,3,3
2016,3,3
2017,3,3
2018,3,3
2019,3,3
2020,3,3
2021,3,3
2022,3,3
2023,3,3
2024,3,3
2025,3,3
2026,10,3
2027,3,3
2028,3,3
2029,3,3
2030,3,3
2031,3,3
2032,3,3
2033,3,3
2034,3,3
2035,3,3
2036,3,3
2037,3,3
2038,3,3
2039,3,3
2040,3,3
2041,3,3
2042,3,3
2043,3,3
2044,3,3
2045,3,3
2046,3,3
2047,3,3
2048,3,3
2049,3,3
2050,3,3
2051,3,3
2052,3,3
2053,3,3
2054,3,3
2055,1,3
2056,3,3
2057,3,3
2058,10,3
2059,10,3
2060,3,3
2061,3,3
2062,3,3
2063,3,3
2064,3,3
2065,3,3
2066,3,3
2067,10,3
2068,3,3
2069,3,3
2070,3,3
2071,3,3
2072,3,3
2073,3,3
2074,3,3
2075,3,3
2076,3,3
2077,3,3
2078,3,3
2079,3,3
2080,3,3
2081,3,3
2082,3,3
2083,3,3
2084,10,3
2085,3,3
2086,3,3
2087,3,3
2088,3,3
2089,3,3
2090,3,3
2091,3,3
2092,3,3
2093,3,3
2094,3,3
2095,3,3
2096,3,3
2097,3,3
2098,3,3
2099,3,3
2100,3,3
2101,3,3
2102,3,3
2103,3,3
2104,3,3
2105,3,3
2106,3,3
2107,3,3
2108,3,3
2109,3,3
2110,3,3
2111,10,3
2112,3,3
2113,3,3
2114,3,3
2115,6,3
2116,3,3
2117,3,3
2118,3,3
2119,3,3
2120,3,3
2121,3,3
2122,3,3
2123,3,3
2124,3,3
2125,3,3
2126,3,3
2127,3,3
2128,3,3
2129,3,3
2130,3,3
2131,3,3
2132,3,3
2133,10,3
2134,10,3
2135,3,3
2136,3,3
2137,3,3
2138,3,3
2139,3,3
2140,6,3
2141,3,3
2142,3,3
2143,3,3
2144,3,3
2145,3,3
2146,3,3
2147,3,3
2148,3,3
2149,3,3
2150,3,3
2151,3,3
2152,3,3
2153,3,3
2154,3,3
2155,3,3
2156,3,3
2157,3,3
2158,3,3
2159,3,3
2160,10,3
2161,3,3
2162,3,3
2163,3,3
2164,3,3
2165,3,3
2166,10,3
2167,3,3
2168,3,3
2169,3,3
2170,3,3
2171,3,3
2172,3,3
2173,3,3
2174,3,3
2175,3,3
2176,3,3
2177,3,3
2178,3,3
2179,3,3
2180,3,3
2181,3,3
2182,10,3
2183,3,3
2184,3,3
2185,3,3
2186,3,3
2187,3,3
2188,3,3
2189,3,3
2190,3,3
2191,3,3
2192,3,3
2193,3,3
2194,3,3
2195,3,3
2196,3,3
2197,3,3
2198,3,3
2199,3,3
2200,3,3
2201,3,3
2202,3,3
2203,3,3
2204,3,3
2205,3,3
2206,3,3
2207,3,3
2208,3,3
2209,3,3
2210,3,3
2211,3,3
2212,4,3
2213,3,3
2214,9,3
2215,3,3
2216,3,3
2217,3,3
2218,3,3
2219,3,3
2220,3,3
2221,3,3
2222,3,3
2223,3,3
2224,3,3
2225,3,3
2226,3,3
2227,3,3
2228,1,3
2229,3,3
2230,3,3
2231,3,3
2232,3,3
2233,3,3
2234,3,3
2235,3,3
2236,3,3
2237,3,3
2238,3,3
2239,3,3
2240,3,3
2241,9,3
2242,3,3
2243,3,3
2244,10,3
2245,3,3
2246,3,3
2247,3,3
2248,3,3
2249,3,3
2250,3,3
2251,3,3
2252,3,3
2253,3,3
2254,3,3
2255,3,3
2256,3,3
2257,3,3
2258,3,3
2259,3,3
2260,4,3
2261,3,3
2262,3,3
2263,3,3
2264,3,3
2265,3,3
2266,3,3
2267,3,3
2268,3,3
2269,3,3
2270,3,3
2271,3,3
2272,3,3
2273,3,3
2274,3,3
2275,3,3
2276,3,3
2277,10,3
2278,3,3
2279,3,3
2280,3,3
2281,3,3
2282,3,3
2283,4,3
2284,3,3
2285,3,3
2286,3,3
2287,3,3
2288,3,3
2289,3,3
2290,3,3
2291,3,3
2292,3,3
2293,3,3
2294,3,3
2295,3,3
2296,3,3
2297,3,3
2298,3,3
2299,3,3
2300,3,3
2301,3,3
2302,3,3
2303,3,3
2304,3,3
2305,4,3
2306,3,3
2307,3,3
2308,3,3
2309,3,3
2310,3,3
2311,3,3
2312,3,3
2313,3,3
2314,3,3
2315,3,3
2316,3,3
2317,10,3
2318,3,3
2319,3,3
2320,3,3
2321,3,3
2322,3,3
2323,6,3
2324,3,3
2325,3,3
2326,3,3
2327,10,3
2328,3,3
2329,10,3
2330,3,3
2331,3,3
2332,3,3
2333,10,3
2334,3,3
2335,3,3
2336,3,3
2337,3,3
2338,3,3
2339,3,3
2340,10,3
2341,3,3
2342,3,3
2343,3,3
2344,3,3
2345,3,3
2346,3,3
2347,3,3
2348,3,3
2349,3,3
2350,3,3
2351,3,3
2352,9,3
2353,3,3
2354,3,3
2355,3,3
2356,3,3
2357,3,3
2358,3,3
2359,3,3
2360,3,3
2361,3,3
2362,3,3
2363,3,3
2364,3,3
2365,10,3
2366,3,3
2367,3,3
2368,3,3
2369,3,3
2370,3,3
2371,3,3
2372,3,3
2373,3,3
2374,3,3
2375,3,3
2376,3,3
2377,3,3
2378,3,3
2379,3,3
2380,3,3
2381,3,3
2382,3,3
2383,3,3
2384,9,3
2385,3,3
2386,3,3
2387,3,3
2388,3,3
2389,3,3
2390,10,3
2391,7,3
2392,3,3
2393,3,3
2394,3,3
2395,3,3
2396,3,3
2397,3,3
2398,3,3
2399,3,3
2400,3,3
2401,6,4
2402,6,4
2403,4,4
2404,8,4
2405,4,4
2406,1,4
2407,4,4
2408,4,4
2409,4,4
2410,4,4
2411,4,4
2412,4,4
2413,4,4
2414,4,4
2415,4,4
2416,4,4
2417,4,4
2418,2,4
2419,2,4
2420,4,4
2421,7,4
2422,4,4
2423,4,4
2424,4,4
2425,8,4
2426,4,4
2427,4,4
2428,6,4
2429,5,4
2430,8,4
2431,4,4
2432,5,4
2433,4,4
2434,4,4
2435,4,4
2436,4,4
2437,4,4
2438,4,4
2439,4,4
2440,4,4
2441,4,4
2442,4,4
2443,4,4
2444,4,4
2445,4,4
2446,8,4
2447,4,4
2448,4,4
2449,4,4
2450,4,4
2451,5,4
2452,4,4
2453,4,4
2454,4,4
2455,6,4
2456,4,4
2457,8,4
2458,4,4
2459,4,4
2460,4,4
2461,8,4
2462,4,4
2463,4,4
2464,4,4
2465,4,4
2466,9,4
2467,2,4
2468,4,4
2469,4,4
2470,7,4
2471,4,4
2472,6,4
2473,4,4
2474,4,4
2475,4,4
2476,5,4
2477,4,4
2478,4,4
2479,4,4
2480,4,4
2481,4,4
2482,4,4
2483,6,4
2484,4,4
2485,5,4
2486,4,4
2487,4,4
2488,4,4
2489,4,4
2490,4,4
2491,7,4
2492,4,4
2493,5,4
2494,4,4
2495,4,4
2496,2,4
2497,4,4
2498,4,4
2499,4,4
2500,4,4
2501,4,4
2502,4,4
2503,4,4
2504,4,4
2505,4,4
2506,4,4
2507,4,4
2508,4,4
2509,4,4
2510,4,4
2511,4,4
2512,4,4
2513,5,4
2514,4,4
2515,6,4
2516,4,4
2517,4,4
2518,4,4
2519,5,4
2520,4,4
2521,4,4
2522,6,4
2523,4,4
2524,4,4
2525,4,4
2526,4,4
2527,4,4
2528,7,4
2529,4,4
2530,7,4
2531,4,4
2532,4,4
2533,8,4
2534,6,4
2535,4,4
2536,4,4
2537,4,4
2538,4,4
2539,7,4
2540,4,4
2541,4,4
2542,4,4
2543,4,4
2544,6,4
2545,4,4
2546,4,4
2547,7,4
2548,4,4
2549,4,4
2550,4,4
2551,4,4
2552,7,4
2553,4,4
2554,4,4
2555,8,4
2556,8,4
2557,4,4
2558,4,4
2559,4,4
2560,4,4
2561,6,4
2562,4,4
2563,8,4
2564,8,4
2565,6,4
2566,6,4
2567,6,4
2568,4,4
2569,4,4
2570,8,4
2571,5,4
2572,4,4
2573,4,4
2574,4,4
2575,4,4
2576,4,4
2577,7,4
2578,2,4
2579,4,4
2580,4,4
2581,4,4
2582,4,4
2583,4,4
2584,6,4
2585,4,4
2586,4,4
2587,5,4
2588,4,4
2589,6,4
2590,4,4
2591,4,4
2592,4,4
2593,4,4
2594,5,4
2595,9,4
2596,4,4
2597,4,4
2598,4,4
2599,4,4
2600,4,4
2601,4,4
2602,4,4
2603,4,4
2604,4,4
2605,4,4
2606,4,4
2607,4,4
2608,4,4
2609,4,4
2610,4,4
2611,2,4
2612,4,4
2613,6,4
2614,4,4
2615,4,4
2616,4,4
2617,5,4
2618,4,4
2619,4,4
2620,4,4
2621,4,4
2622,4,4
2623,4,4
2624,8,4
2625,4,4
2626,4,4
2627,5,4
2628,4,4
2629,4,4
2630,8,4
2631,4,4
2632,8,4
2633,4,4
2634,8,4
2635,4,4
2636,4,4
2637,4,4
2638,4,4
2639,4,4
2640,4,4
2641,9,4
2642,4,4
2643,4,4
2644,4,4
2645,4,4
2646,4,4
2647,8,4
2648,4,4
2649,8,4
2650,6,4
2651,4,4
2652,4,4
2653,4,4
2654,4,4
2655,4,4
2656,4,4
2657,4,4
2658,4,4
2659,4,4
2660,4,4
2661,4,4
2662,4,4
2663,4,4
2664,4,4
2665,4,4
2666,4,4
2667,6,4
2668,4,4
2669,4,4
2670,7,4
2671,5,4
2672,4,4
2673,4,4
2674,4,4
2675,4,4
2676,4,4
2677,4,4
2678,4,4
2679,4,4
2680,4,4
2681,6,4
2682,4,4
2683,6,4
2684,6,4
2685,4,4
2686,8,4
2687,4,4
2688,4,4
2689,4,4
2690,4,4
2691,4,4
2692,4,4
2693,4,4
2694,6,4
2695,4,4
2696,4,4
2697,4,4
2698,4,4
2699,6,4
2700,8,4
2701,4,4
2702,4,4
2703,4,4
2704,4,4
2705,4,4
2706,4,4
2707,4,4
2708,4,4
2709,8,4
2710,4,4
2711,6,4
2712,6,4
2713,4,4
2714,4,4
2715,4,4
2716,4,4
2717,4,4
2718,4,4
2719,4,4
2720,4,4
2721,4,4
2722,7,4
2723,6,4
2724,4,4
2725,4,4
2726,4,4
2727,8,4
2728,4,4
2729,4,4
2730,4,4
2731,4,4
2732,4,4
2733,4,4
2734,4,4
2735,4,4
2736,8,4
2737,6,4
2738,4,4
2739,4,4
2740,4,4
2741,8,4
2742,4,4
2743,5,4
2744,2,4
2745,4,4
2746,4,4
2747,4,4
2748,2,4
2749,4,4
2750,7,4
2751,4,4
2752,4,4
2753,4,4
2754,4,4
2755,4,4
2756,4,4
2757,4,4
2758,4,4
2759,4,4
2760,4,4
2761,4,4
2762,9,4
2763,4,4
2764,4,4
2765,4,4
2766,4,4
2767,4,4
2768,4,4
2769,4,4
2770,6,4
2771,4,4
2772,5,4
2773,8,4
2774,4,4
2775,2,4
2776,4,4
2777,4,4
2778,4,4
2779,6,4
2780,4,4
2781,4,4
2782,6,4
2783,4,4
2784,4,4
2785,4,4
2786,4,4
2787,4,4
2788,4,4
2789,4,4
2790,4,4
2791,4,4
2792,2,4
2793,4,4
2794,4,4
2795,6,4
2796,4,4
2797,4,4
2798,5,4
2799,6,4
2800,4,4
2801,4,4
2802,4,4
2803,6,4
2804,4,4
2805,4,4
2806,1,4
2807,4,4
2808,4,4
2809,2,4
2810,4,4
2811,4,4
2812,8,4
2813,2,4
2814,8,4
2815,4,4
2816,4,4
2817,4,4
2818,4,4
2819,4,4
2820,4,4
2821,8,4
2822,4,4
2823,6,4
2824,4,4
2825,4,4
2826,4,4
2827,4,4
2828,4,4
2829,4,4
2830,5,4
2831,4,4
2832,4,4
2833,4,4
2834,6,4
2835,4,4
2836,8,4
2837,8,4
2838,8,4
2839,4,4
2840,4,4
2841,4,4
2842,6,4
2843,6,4
2844,4,4
2845,5,4
2846,4,4
2847,6,4
2848,6,4
2849,5,4
2850,4,4
2851,8,4
2852,5,4
2853,4,4
2854,8,4
2855,4,4
2856,4,4
2857,6,4
2858,4,4
2859,4,4
2860,6,4
2861,2,4
2862,4,4
2863,5,4
2864,4,4
2865,4,4
2866,4,4
2867,4,4
2868,2,4
2869,6,4
2870,4,4
2871,4,4
2872,4,4
2873,4,4
2874,4,4
2875,4,4
2876,4,4
2877,8,4
2878,4,4
2879,4,4
2880,4,4
2881,4,4
2882,4,4
2883,4,4
2884,8,4
2885,4,4
2886,8,4
2887,4,4
2888,3,4
2889,7,4
2890,4,4
2891,4,4
2892,4,4
2893,4,4
2894,4,4
2895,4,4
2896,4,4
2897,4,4
2898,4,4
2899,4,4
2900,4,4
2901,7,4
2902,4,4
2903,4,4
2904,5,4
2905,4,4
2906,6,4
2907,8,4
2908,6,4
2909,4,4
2910,4,4
2911,5,4
2912,8,4
2913,3,4
2914,5,4
2915,4,4
2916,4,4
2917,8,4
2918,4,4
2919,8,4
2920,4,4
2921,4,4
2922,4,4
2923,8,4
2924,8,4
2925,4,4
2926,4,4
2927,2,4
2928,8,4
2929,6,4
2930,8,4
2931,4,4
2932,4,4
2933,4,4
2934,7,4
2935,4,4
2936,4,4
2937,4,4
2938,4,4
2939,2,4
2940,4,4
2941,4,4
2942,4,4
2943,4,4
2944,4,4
2945,4,4
2946,9,4
2947,4,4
2948,4,4
2949,4,4
2950,6,4
2951,4,4
2952,4,4
2953,2,4
2954,4,4
2955,4,4
2956,4,4
2957,4,4
2958,4,4
2959,4,4
2960,6,4
2961,4,4
2962,4,4
2963,4,4
2964,8,4
2965,4,4
2966,9,4
2967,4,4
2968,6,4
2969,4,4
2970,4,4
2971,4,4
2972,4,4
2973,4,4
2974,4,4
2975,4,4
2976,4,4
2977,4,4
2978,8,4
2979,4,4
2980,7,4
2981,4,4
2982,8,4
2983,7,4
2984,4,4
2985,4,4
2986,4,4
2987,4,4
2988,4,4
2989,7,4
2990,4,4
2991,4,4
2992,4,4
2993,4,4
2994,4,4
2995,7,4
2996,4,4
2997,5,4
2998,4,4
2999,4,4
3000,4,4
3001,4,4
3002,8,4
3003,4,4
3004,4,4
3005,4,4
3006,4,4
3007,4,4
3008,2,4
3009,4,4
3010,4,4
3011,4,4
3012,4,4
3013,4,4
3014,4,4
3015,8,4
3016,8,4
3017,4,4
3018,8,4
3019,8,4
3020,4,4
3021,4,4
3022,4,4
3023,4,4
3024,4,4
3025,4,4
3026,8,4
3027,6,4
3028,4,4
3029,4,4
3030,4,4
3031,4,4
3032,4,4
3033,4,4
3034,4,4
3035,4,4
3036,4,4
3037,2,4
3038,4,4
3039,8,4
3040,4,4
3041,4,4
3042,4,4
3043,4,4
3044,8,4
3045,8,4
3046,8,4
3047,4,4
3048,4,4
3049,8,4
3050,4,4
3051,4,4
3052,8,4
3053,4,4
3054,6,4
3055,6,4
3056,4,4
3057,4,4
3058,4,4
3059,4,4
3060,4,4
3061,4,4
3062,6,4
3063,4,4
3064,6,4
3065,4,4
3066,4,4
3067,4,4
3068,5,4
3069,4,4
3070,8,4
3071,4,4
3072,5,4
3073,4,4
3074,4,4
3075,4,4
3076,4,4
3077,2,4
3078,6,4
3079,4,4
3080,4,4
3081,4,4
3082,4,4
3083,4,4
3084,4,4
3085,4,4
3086,8,4
3087,4,4
3088,4,4
3089,4,4
3090,4,4
3091,4,4
3092,4,4
3093,4,4
3094,4,4
3095,4,4
3096,4,4
3097,4,4
3098,8,4
3099,4,4
3100,4,4
3101,2,4
3102,4,4
3103,4,4
3104,8,4
3105,5,4
3106,6,4
3107,4,4
3108,8,4
3109,8,4
3110,4,4
3111,5,4
3112,4,4
3113,4,4
3114,4,4
3115,4,4
3116,5,4
3117,4,4
3118,4,4
3119,4,4
3120,4,4
3121,4,4
3122,4,4
3123,4,4
3124,4,4
3125,4,4
3126,4,4
3127,6,4
3128,4,4
3129,4,4
3130,4,4
3131,6,4
3132,7,4
3133,4,4
3134,4,4
3135,4,4
3136,10,4
3137,4,4
3138,4,4
3139,7,4
3140,4,4
3141,6,4
3142,6,4
3143,7,4
3144,4,4
3145,6,4
3146,8,4
3147,4,4
3148,4,4
3149,4,4
3150,4,4
3151,4,4
3152,6,4
3153,4,4
3154,6,4
3155,4,4
3156,4,4
3157,4,4
3158,7,4
3159,4,4
3160,4,4
3161,4,4
3162,6,4
3163,4,4
3164,5,4
3165,4,4
3166,6,4
3167,4,4
3168,6,4
3169,4,4
3170,7,4
3171,4,4
3172,4,4
3173,6,4
3174,4,4
3175,6,4
3176,4,4
3177,6,4
3178,7,4
3179,4,4
3180,4,4
3181,4,4
3182,8,4
3183,4,4
3184,4,4
3185,4,4
3186,4,4
3187,4,4
3188,4,4
3189,4,4
3190,4,4
3191,4,4
3192,4,4
3193,4,4
3194,4,4
3195,4,4
3196,8,4
3197,4,4
3198,4,4
3199,4,4
3200,8,4
3201,5,5
3202,7,5
3203,4,5
3204,5,5
3205,5,5
3206,5,5
3207,5,5
3208,5,5
3209,8,5
3210,5,5
3211,5,5
3212,5,5
3213,4,5
3214,2,5
3215,5,5
3216,5,5
3217,5,5
3218,2,5
3219,4,5
3220,5,5
3221,5,5
3222,5,5
3223,5,5
3224,5,5
3225,5,5
3226,5,5
3227,5,5
3228,7,5
3229,5,5
3230,4,5
3231,5,5
3232,7,5
3233,8,5
3234,5,5
3235,4,5
3236,8,5
3237,5,5
3238,5,5
3239,5,5
3240,5,5
3241,4,5
3242,5,5
3243,5,5
3244,2,5
3245,5,5
3246,5,5
3247,7,5
3248,5,5
3249,7,5
3250,8,5
3251,5,5
3252,5,5
3253,5,5
3254,5,5
3255,2,5
3256,5,5
3257,5,5
3258,6,5
3259,5,5
3260,5,5
3261,5,5
3262,8,5
3263,5,5
3264,4,5
3265,5,5
3266,4,5
3267,5,5
3268,5,5
3269,5,5
3270,5,5
3271,7,5
3272,5,5
3273,5,5
3274,5,5
3275,6,5
3276,5,5
3277,4,5
3278,4,5
3279,5,5
3280,4,5
3281,5,5
3282,5,5
3283,7,5
3284,5,5
3285,5,5
3286,4,5
3287,5,5
3288,5,5
3289,5,5
3290,7,5
3291,5,5
3292,8,5
3293,5,5
3294,5,5
3295,4,5
3296,5,5
3297,5,5
3298,5,5
3299,5,5
3300,5,5
3301,7,5
3302,5,5
3303,4,5
3304,4,5
3305,5,5
3306,5,5
3307,5,5
3308,5,5
3309,5,5
3310,5,5
3311,4,5
3312,4,5
3313,4,5
3314,6,5
3315,5,5
3316,5,5
3317,5,5
3318,5,5
3319,5,5
3320,6,5
3321,5,5
3322,5,5
3323,5,5
3324,5,5
3325,7,5
3326,5,5
3327,8,5
3328,7,5
3329,5,5
3330,5,5
3331,6,5
3332,5,5
3333,5,5
3334,7,5
3335,2,5
3336,2,5
3337,5,5
3338,8,5
3339,8,5
3340,5,5
3341,5,5
3342,5,5
3343,5,5
3344,5,5
3345,4,5
3346,5,5
3347,5,5
3348,8,5
3349,5,5
3350,5,5
3351,5,5
3352,5,5
3353,5,5
3354,5,5
3355,5,5
3356,5,5
3357,5,5
3358,5,5
3359,8,5
3360,5,5
3361,5,5
3362,5,5
3363,7,5
3364,5,5
3365,5,5
3366,5,5
3367,5,5
3368,5,5
3369,5,5
3370,5,5
3371,5,5
3372,5,5
3373,6,5
3374,5,5
3375,5,5
3376,5,5
3377,4,5
3378,5,5
3379,5,5
3380,5,5
3381,5,5
3382,4,5
3383,5,5
3384,8,5
3385,5,5
3386,5,5
3387,5,5
3388,8,5
3389,1,5
3390,5,5
3391,5,5
3392,5,5
3393,4,5
3394,7,5
3395,5,5
3396,5,5
3397,5,5
3398,5,5
3399,5,5
3400,5,5
3401,5,5
3402,5,5
3403,5,5
3404,5,5
3405,5,5
3406,5,5
3407,3,5
3408,5,5
3409,5,5
3410,4,5
3411,5,5
3412,5,5
3413,5,5
3414,5,5
3415,4,5
3416,2,5
3417,7,5
3418,5,5
3419,5,5
3420,5,5
3421,5,5
3422,5,5
3423,5,5
3424,8,5
3425,2,5
3426,5,5
3427,5,5
3428,5,5
3429,5,5
3430,8,5
3431,5,5
3432,5,5
3433,4,5
3434,4,5
3435,5,5
3436,6,5
3437,5,5
3438,8,5
3439,5,5
3440,5,5
3441,5,5
3442,5,5
3443,6,5
3444,5,5
3445,5,5
3446,4,5
3447,4,5
3448,5,5
3449,4,5
3450,5,5
3451,10,5
3452,5,5
3453,8,5
3454,7,5
3455,5,5
3456,5,5
3457,5,5
3458,4,5
3459,5,5
3460,5,5
3461,5,5
3462,5,5
3463,5,5
3464,4,5
3465,5,5
3466,5,5
3467,8,5
3468,5,5
3469,7,5
3470,5,5
3471,8,5
3472,5,5
3473,6,5
3474,5,5
3475,5,5
3476,5,5
3477,5,5
3478,5,5
3479,5,5
3480,7,5
3481,4,5
3482,5,5
3483,6,5
3484,5,5
3485,6,5
3486,7,5
3487,7,5
3488,5,5
3489,4,5
3490,5,5
3491,5,5
3492,5,5
3493,4,5
3494,5,5
3495,5,5
3496,5,5
3497,9,5
3498,2,5
3499,2,5
3500,5,5
3501,4,5
3502,5,5
3503,5,5
3504,4,5
3505,5,5
3506,5,5
3507,5,5
3508,5,5
3509,5,5
3510,5,5
3511,5,5
3512,5,5
3513,5,5
3514,7,5
3515,6,5
3516,6,5
3517,5,5
3518,8,5
3519,5,5
3520,8,5
3521,5,5
3522,5,5
3523,5,5
3524,5,5
3525,5,5
3526,5,5
3527,4,5
3528,4,5
3529,5,5
3530,5,5
3531,7,5
3532,5,5
3533,5,5
3534,5,5
3535,5,5
3536,5,5
3537,5,5
3538,5,5
3539,7,5
3540,5,5
3541,5,5
3542,1,5
3543,5,5
3544,5,5
3545,8,5
3546,7,5
3547,4,5
3548,5,5
3549,5,5
3550,5,5
3551,7,5
3552,5,5
3553,5,5
3554,5,5
3555,5,5
3556,5,5
3557,7,5
3558,5,5
3559,5,5
3560,5,5
3561,5,5
3562,5,5
3563,5,5
3564,5,5
3565,5,5
3566,5,5
3567,5,5
3568,7,5
3569,5,5
3570,5,5
3571,5,5
3572,5,5
3573,5,5
3574,8,5
3575,5,5
3576,5,5
3577,5,5
3578,1,5
3579,5,5
3580,5,5
3581,5,5
3582,5,5
3583,8,5
3584,8,5
3585,5,5
3586,5,5
3587,5,5
3588,5,5
3589,5,5
3590,5,5
3591,4,5
3592,5,5
3593,5,5
3594,5,5
3595,5,5
3596,5,5
3597,5,5
3598,6,5
3599,5,5
3600,6,5
3601,6,5
3602,5,5
3603,7,5
3604,8,5
3605,6,5
3606,5,5
3607,5,5
3608,5,5
3609,8,5
3610,5,5
3611,8,5
3612,5,5
3613,5,5
3614,5,5
3615,5,5
3616,5,5
3617,5,5
3618,5,5
3619,5,5
3620,5,5
3621,8,5
3622,5,5
3623,5,5
3624,5,5
3625,5,5
3626,5,5
3627,5,5
3628,7,5
3629,2,5
3630,2,5
3631,5,5
3632,5,5
3633,5,5
3634,7,5
3635,6,5
3636,5,5
3637,5,5
3638,5,5
3639,5,5
3640,7,5
3641,4,5
3642,5,5
3643,8,5
3644,5,5
3645,4,5
3646,5,5
3647,5,5
3648,5,5
3649,5,5
3650,6,5
3651,8,5
3652,5,5
3653,4,5
3654,2,5
3655,8,5
3656,5,5
3657,5,5
3658,4,5
3659,7,5
3660,2,5
3661,5,5
3662,7,5
3663,5,5
3664,5,5
3665,5,5
3666,5,5
3667,5,5
3668,7,5
3669,7,5
3670,5,5
3671,5,5
3672,4,5
3673,5,5
3674,5,5
3675,5,5
3676,5,5
3677,5,5
3678,5,5
3679,5,5
3680,5,5
3681,5,5
3682,6,5
3683,5,5
3684,5,5
3685,5,5
3686,8,5
3687,5,5
3688,5,5
3689,5,5
3690,5,5
3691,5,5
3692,4,5
3693,5,5
3694,5,5
3695,5,5
3696,5,5
3697,5,5
3698,5,5
3699,5,5
3700,5,5
3701,5,5
3702,5,5
3703,4,5
3704,5,5
3705,7,5
3706,7,5
3707,5,5
3708,5,5
3709,2,5
3710,5,5
3711,5,5
3712,5,5
3713,5,5
3714,4,5
3715,6,5
3716,5,5
3717,8,5
3718,6,5
3719,5,5
3720,4,5
3721,5,5
3722,5,5
3723,5,5
3724,8,5
3725,5,5
3726,5,5
3727,5,5
3728,8,5
3729,8,5
3730,5,5
3731,5,5
3732,5,5
3733,4,5
3734,5,5
3735,5,5
3736,5,5
3737,7,5
3738,5,5
3739,5,5
3740,5,5
3741,5,5
3742,5,5
3743,5,5
3744,5,5
3745,8,5
3746,5,5
3747,5,5
3748,5,5
3749,5,5
3750,5,5
3751,5,5
3752,4,5
3753,5,5
3754,2,5
3755,4,5
3756,5,5
3757,5,5
3758,5,5
3759,5,5
3760,5,5
3761,7,5
3762,4,5
3763,5,5
3764,5,5
3765,5,5
3766,9,5
3767,5,5
3768,5,5
3769,5,5
3770,7,5
3771,5,5
3772,5,5
3773,5,5
3774,8,5
3775,6,5
3776,8,5
3777,4,5
3778,5,5
3779,7,5
3780,5,5
3781,6,5
3782,5,5
3783,5,5
3784,7,5
3785,5,5
3786,5,5
3787,2,5
3788,4,5
3789,7,5
3790,5,5
3791,5,5
3792,8,5
3793,6,5
3794,5,5
3795,4,5
3796,5,5
3797,5,5
3798,7,5
3799,7,5
3800,8,5
3801,5,5
3802,5,5
3803,5,5
3804,5,5
3805,5,5
3806,5,5
3807,5,5
3808,4,5
3809,5,5
3810,5,5
3811,5,5
3812,5,5
3813,5,5
3814,5,5
3815,5,5
3816,5,5
3817,5,5
3818,8,5
3819,4,5
3820,5,5
3821,5,5
3822,5,5
3823,5,5
3824,6,5
3825,5,5
3826,5,5
3827,5,5
3828,5,5
3829,5,5
3830,4,5
3831,7,5
3832,5,5
3833,5,5
3834,7,5
3835,5,5
3836,4,5
3837,5,5
3838,5,5
3839,7,5
3840,5,5
3841,5,5
3842,4,5
3843,5,5
3844,8,5
3845,5,5
3846,4,5
3847,5,5
3848,5,5
3849,7,5
3850,7,5
3851,7,5
3852,5,5
3853,4,5
3854,5,5
3855,5,5
3856,4,5
3857,5,5
3858,5,5
3859,8,5
3860,5,5
3861,5,5
3862,5,5
3863,5,5
3864,5,5
3865,5,5
3866,5,5
3867,5,5
3868,7,5
3869,5,5
3870,5,5
3871,5,5
3872,7,5
3873,5,5
3874,5,5
3875,8,5
3876,7,5
3877,5,5
3878,7,5
3879,5,5
3880,7,5
3881,5,5
3882,5,5
3883,4,5
3884,4,5
3885,5,5
3886,7,5
3887,7,5
3888,5,5
3889,4,5
3890,6,5
3891,4,5
3892,4,5
3893,5,5
3894,5,5
3895,5,5
3896,5,5
3897,5,5
3898,7,5
3899,4,5
3900,5,5
3901,5,5
3902,5,5
3903,5,5
3904,5,5
3905,5,5
3906,4,5
3907,4,5
3908,7,5
3909,5,5
3910,5,5
3911,6,5
3912,5,5
3913,5,5
3914,4,5
3915,8,5
3916,5,5
3917,6,5
3918,5,5
3919,5,5
3920,5,5
3921,5,5
3922,5,5
3923,5,5
3924,5,5
3925,5,5
3926,7,5
3927,5,5
3928,1,5
3929,8,5
3930,7,5
3931,5,5
3932,5,5
3933,5,5
3934,5,5
3935,5,5
3936,6,5
3937,8,5
3938,5,5
3939,5,5
3940,9,5
3941,5,5
3942,5,5
3943,5,5
3944,5,5
3945,5,5
3946,5,5
3947,5,5
3948,5,5
3949,5,5
3950,7,5
3951,5,5
3952,5,5
3953,5,5
3954,5,5
3955,5,5
3956,5,5
3957,8,5
3958,5,5
3959,7,5
3960,5,5
3961,5,5
3962,5,5
3963,5,5
3964,6,5
3965,5,5
3966,6,5
3967,5,5
3968,5,5
3969,5,5
3970,7,5
3971,5,5
3972,8,5
3973,8,5
3974,5,5
3975,5,5
3976,5,5
3977,5,5
3978,6,5
3979,7,5
3980,5,5
3981,5,5
3982,5,5
3983,7,5
3984,5,5
3985,5,5
3986,5,5
3987,5,5
3988,4,5
3989,5,5
3990,5,5
3991,5,5
3992,5,5
3993,4,5
3994,4,5
3995,5,5
3996,4,5
3997,5,5
3998,5,5
3999,5,5
4000,6,5
4001,6,6
4002,6,6
4003,6,6
4004,2,6
4005,6,6
4006,9,6
4007,4,6
4008,8,6
4009,4,6
4010,6,6
4011,6,6
4012,7,6
4013,6,6
4014,8,6
4015,8,6
4016,6,6
4017,5,6
4018,6,6
4019,6,6
4020,6,6
4021,8,6
4022,6,6
4023,8,6
4024,6,6
4025,4,6
4026,6,6
4027,6,6
4028,6,6
4029,5,6
4030,6,6
4031,6,6
4032,6,6
4033,8,6
4034,6,6
4035,6,6
4036,6,6
4037,6,6
4038,6,6
4039,8,6
4040,6,6
4041,6,6
4042,6,6
4043,8,6
4044,7,6
4045,6,6
4046,6,6
4047,5,6
4048,4,6
4049,7,6
4050,6,6
4051,6,6
4052,6,6
4053,7,6
4054,6,6
4055,7,6
4056,6,6
4057,6,6
4058,6,6
4059,6,6
4060,8,6
4061,6,6
4062,6,6
4063,7,6
4064,6,6
4065,8,6
4066,8,6
4067,6,6
4068,6,6
4069,4,6
4070,4,6
4071,2,6
4072,6,6
4073,7,6
4074,8,6
4075,6,6
4076,6,6
4077,6,6
4078,6,6
4079,4,6
4080,6,6
4081,4,6
4082,6,6
4083,6,6
4084,6,6
4085,4,6
4086,6,6
4087,6,6
4088,6,6
4089,6,6
4090,6,6
4091,7,6
4092,6,6
4093,6,6
4094,6,6
4095,8,6
4096,2,6
4097,4,6
4098,6,6
4099,6,6
4100,7,6
4101,6,6
4102,6,6
4103,6,6
4104,7,6
4105,6,6
4106,2,6
4107,7,6
4108,6,6
4109,6,6
4110,4,6
4111,8,6
4112,6,6
4113,6,6
4114,4,6
4115,6,6
4116,6,6
4117,6,6
4118,7,6
4119,6,6
4120,4,6
4121,6,6
4122,7,6
4123,6,6
4124,6,6
4125,6,6
4126,8,6
4127,8,6
4128,4,6
4129,6,6
4130,4,6
4131,6,6
4132,6,6
4133,6,6
4134,6,6
4135,6,6
4136,6,6
4137,6,6
4138,6,6
4139,6,6
4140,6,6
4141,10,6
4142,8,6
4143,6,6
4144,6,6
4145,4,6
4146,6,6
4147,6,6
4148,7,6
4149,4,6
4150,6,6
4151,6,6
4152,8,6
4153,6,6
4154,6,6
4155,4,6
4156,6,6
4157,6,6
4158,6,6
4159,6,6
4160,6,6
4161,4,6
4162,6,6
4163,6,6
4164,6,6
4165,6,6
4166,6,6
4167,6,6
4168,6,6
4169,6,6
4170,6,6
4171,6,6
4172,4,6
4173,6,6
4174,8,6
4175,7,6
4176,6,6
4177,4,6
4178,6,6
4179,6,6
4180,6,6
4181,8,6
4182,8,6
4183,8,6
4184,6,6
4185,6,6
4186,6,6
4187,7,6
4188,6,6
4189,6,6
4190,6,6
4191,8,6
4192,6,6
4193,4,6
4194,4,6
4195,7,6
4196,6,6
4197,6,6
4198,6,6
4199,6,6
4200,6,6
4201,6,6
4202,4,6
4203,8,6
4204,3,6
4205,6,6
4206,7,6
4207,6,6
4208,6,6
4209,5,6
4210,8,6
4211,5,6
4212,7,6
4213,8,6
4214,6,6
4215,2,6
4216,6,6
4217,8,6
4218,8,6
4219,6,6
4220,7,6
4221,6,6
4222,4,6
4223,4,6
4224,4,6
4225,6,6
4226,6,6
4227,8,6
4228,7,6
4229,5,6
4230,2,6
4231,2,6
4232,6,6
4233,6,6
4234,6,6
4235,6,6
4236,6,6
4237,6,6
4238,6,6
4239,6,6
4240,6,6
4241,4,6
4242,6,6
4243,6,6
4244,6,6
4245,6,6
4246,6,6
4247,8,6
4248,6,6
4249,4,6
4250,6,6
4251,4,6
4252,8,6
4253,6,6
4254,8,6
4255,4,6
4256,8,6
4257,6,6
4258,6,6
4259,3,6
4260,6,6
4261,6,6
4262,7,6
4263,6,6
4264,4,6
4265,6,6
4266,5,6
4267,6,6
4268,4,6
4269,6,6
4270,6,6
4271,6,6
4272,6,6
4273,6,6
4274,7,6
4275,2,6
4276,5,6
4277,6,6
4278,8,6
4279,7,6
4280,6,6
4281,6,6
4282,7,6
4283,6,6
4284,6,6
4285,6,6
4286,6,6
4287,6,6
4288,6,6
4289,6,6
4290,6,6
4291,2,6
4292,8,6
4293,5,6
4294,6,6
4295,6,6
4296,6,6
4297,6,6
4298,6,6
4299,6,6
4300,6,6
4301,6,6
4302,6,6
4303,7,6
4304,6,6
4305,6,6
4306,6,6
4307,7,6
4308,6,6
4309,6,6
4310,6,6
4311,6,6
4312,7,6
4313,6,6
4314,6,6
4315,7,6
4316,9,6
4317,8,6
4318,6,6
4319,6,6
4320,6,6
4321,6,6
4322,6,6
4323,6,6
4324,7,6
4325,6,6
4326,6,6
4327,6,6
4328,6,6
4329,6,6
4330,4,6
4331,6,6
4332,6,6
4333,6,6
4334,6,6
4335,6,6
4336,6,6
4337,6,6
4338,6,6
4339,5,6
4340,6,6
4341,7,6
4342,6,6
4343,8,6
4344,4,6
4345,8,6
4346,6,6
4347,4,6
4348,6,6
4349,6,6
4350,6,6
4351,7,6
4352,6,6
4353,6,6
4354,8,6
4355,6,6
4356,6,6
4357,4,6
4358,6,6
4359,6,6
4360,9,6
4361,6,6
4362,6,6
4363,6,6
4364,7,6
4365,4,6
4366,8,6
4367,1,6
4368,7,6
4369,6,6
4370,5,6
4371,4,6
4372,6,6
4373,8,6
4374,6,6
4375,6,6
4376,8,6
4377,6,6
4378,8,6
4379,6,6
4380,6,6
4381,8,6
4382,4,6
4383,6,6
4384,6,6
4385,6,6
4386,6,6
4387,4,6
4388,6,6
4389,6,6
4390,6,6
4391,6,6
4392,7,6
4393,4,6
4394,6,6
4395,8,6
4396,6,6
4397,4,6
4398,4,6
4399,8,6
4400,8,6
4401,4,6
4402,8,6
4403,6,6
4404,6,6
4405,6,6
4406,6,6
4407,8,6
4408,6,6
4409,6,6
4410,6,6
4411,6,6
4412,7,6
4413,6,6
4414,4,6
4415,6,6
4416,6,6
4417,8,6
4418,6,6
4419,8,6
4420,6,6
4421,7,6
4422,6,6
4423,4,6
4424,6,6
4425,6,6
4426,6,6
4427,4,6
4428,6,6
4429,4,6
4430,5,6
4431,7,6
4432,6,6
4433,6,6
4434,6,6
4435,6,6
4436,5,6
4437,6,6
4438,8,6
4439,6,6
4440,6,6
4441,7,6
4442,4,6
4443,6,6
4444,8,6
4445,6,6
4446,6,6
4447,6,6
4448,4,6
4449,4,6
4450,6,6
4451,4,6
4452,6,6
4453,4,6
4454,6,6
4455,7,6
4456,6,6
4457,6,6
4458,6,6
4459,6,6
4460,6,6
4461,8,6
4462,6,6
4463,6,6
4464,6,6
4465,6,6
4466,6,6
4467,6,6
4468,6,6
4469,8,6
4470,6,6
4471,4,6
4472,6,6
4473,6,6
4474,8,6
4475,6,6
4476,6,6
4477,6,6
4478,7,6
4479,6,6
4480,4,6
4481,6,6
4482,6,6
4483,6,6
4484,6,6
4485,7,6
4486,5,6
4487,8,6
4488,8,6
4489,6,6
4490,6,6
4491,5,6
4492,6,6
4493,6,6
4494,4,6
4495,6,6
4496,5,6
4497,5,6
4498,6,6
4499,6,6
4500,6,6
4501,8,6
4502,6,6
4503,6,6
4504,7,6
4505,4,6
4506,6,6
4507,8,6
4508,6,6
4509,7,6
4510,6,6
4511,6,6
4512,6,6
4513,8,6
4514,4,6
4515,8,6
4516,7,6
4517,8,6
4518,6,6
4519,6,6
4520,7,6
4521,6,6
4522,5,6
4523,6,6
4524,8,6
4525,6,6
4526,6,6
4527,6,6
4528,6,6
4529,4,6
4530,8,6
4531,6,6
4532,7,6
4533,6,6
4534,6,6
4535,6,6
4536,6,6
4537,6,6
4538,6,6
4539,4,6
4540,6,6
4541,6,6
4542,6,6
4543,6,6
4544,6,6
4545,6,6
4546,7,6
4547,6,6
4548,6,6
4549,6,6
4550,6,6
4551,6,6
4552,8,6
4553,6,6
4554,8,6
4555,6,6
4556,4,6
4557,6,6
4558,6,6
4559,6,6
4560,5,6
4561,10,6
4562,6,6
4563,6,6
4564,6,6
4565,6,6
4566,6,6
4567,7,6
4568,6,6
4569,6,6
4570,4,6
4571,6,6
4572,7,6
4573,7,6
4574,6,6
4575,7,6
4576,6,6
4577,6,6
4578,8,6
4579,6,6
4580,6,6
4581,8,6
4582,6,6
4583,6,6
4584,7,6
4585,8,6
4586,4,6
4587,6,6
4588,7,6
4589,4,6
4590,7,6
4591,6,6
4592,6,6
4593,6,6
4594,8,6
4595,8,6
4596,6,6
4597,8,6
4598,4,6
4599,8,6
4600,2,6
4601,6,6
4602,6,6
4603,5,6
4604,6,6
4605,6,6
4606,6,6
4607,6,6
4608,7,6
4609,8,6
4610,7,6
4611,6,6
4612,4,6
4613,4,6
4614,6,6
4615,6,6
4616,7,6
4617,4,6
4618,6,6
4619,3,6
4620,2,6
4621,7,6
4622,2,6
4623,6,6
4624,8,6
4625,8,6
4626,2,6
4627,8,6
4628,6,6
4629,6,6
4630,4,6
4631,8,6
4632,7,6
4633,8,6
4634,6,6
4635,6,6
4636,5,6
4637,4,6
4638,6,6
4639,7,6
4640,5,6
4641,6,6
4642,6,6
4643,6,6
4644,4,6
4645,8,6
4646,6,6
4647,6,6
4648,6,6
4649,6,6
4650,4,6
4651,6,6
4652,6,6
4653,7,6
4654,6,6
4655,7,6
4656,6,6
4657,8,6
4658,6,6
4659,8,6
4660,8,6
4661,6,6
4662,6,6
4663,6,6
4664,6,6
4665,7,6
4666,6,6
4667,5,6
4668,4,6
4669,6,6
4670,6,6
4671,4,6
4672,6,6
4673,7,6
4674,6,6
4675,6,6
4676,6,6
4677,6,6
4678,6,6
4679,6,6
4680,6,6
4681,4,6
4682,6,6
4683,6,6
4684,4,6
4685,6,6
4686,6,6
4687,6,6
4688,7,6
4689,6,6
4690,6,6
4691,6,6
4692,6,6
4693,4,6
4694,4,6
4695,6,6
4696,6,6
4697,6,6
4698,6,6
4699,6,6
4700,6,6
4701,6,6
4702,2,6
4703,5,6
4704,4,6
4705,8,6
4706,4,6
4707,6,6
4708,6,6
4709,6,6
4710,6,6
4711,6,6
4712,6,6
4713,6,6
4714,4,6
4715,4,6
4716,6,6
4717,6,6
4718,7,6
4719,6,6
4720,4,6
4721,6,6
4722,6,6
4723,1,6
4724,6,6
4725,7,6
4726,8,6
4727,6,6
4728,7,6
4729,6,6
4730,8,6
4731,6,6
4732,4,6
4733,8,6
4734,7,6
4735,4,6
4736,6,6
4737,8,6
4738,7,6
4739,6,6
4740,8,6
4741,6,6
4742,4,6
4743,6,6
4744,6,6
4745,6,6
4746,7,6
4747,8,6
4748,6,6
4749,5,6
4750,10,6
4751,6,6
4752,5,6
4753,6,6
4754,6,6
4755,6,6
4756,8,6
4757,7,6
4758,8,6
4759,8,6
4760,6,6
4761,6,6
4762,6,6
4763,6,6
4764,6,6
4765,6,6
4766,6,6
4767,8,6
4768,6,6
4769,4,6
4770,6,6
4771,6,6
4772,6,6
4773,7,6
4774,2,6
4775,8,6
4776,6,6
4777,6,6
4778,6,6
4779,7,6
4780,5,6
4781,6,6
4782,6,6
4783,6,6
4784,6,6
4785,6,6
4786,5,6
4787,6,6
4788,8,6
4789,4,6
4790,6,6
4791,8,6
4792,8,6
4793,6,6
4794,4,6
4795,7,6
4796,4,6
4797,6,6
4798,6,6
4799,6,6
4800,6,6
4801,7,7
4802,7,7
4803,7,7
4804,7,7
4805,7,7
4806,7,7
4807,7,7
4808,7,7
4809,7,7
4810,7,7
4811,7,7
4812,5,7
4813,7,7
4814,6,7
4815,7,7
4816,7,7
4817,7,7
4818,7,7
4819,5,7
4820,7,7
4821,7,7
4822,7,7
4823,7,7
4824,7,7
4825,7,7
4826,7,7
4827,6,7
4828,7,7
4829,7,7
4830,7,7
4831,7,7
4832,8,7
4833,4,7
4834,7,7
4835,7,7
4836,5,7
4837,7,7
4838,2,7
4839,7,7
4840,7,7
4841,7,7
4842,7,7
4843,7,7
4844,7,7
4845,8,7
4846,7,7
4847,7,7
4848,7,7
4849,7,7
4850,7,7
4851,1,7
4852,7,7
4853,4,7
4854,7,7
4855,8,7
4856,7,7
4857,7,7
4858,7,7
4859,6,7
4860,7,7
4861,8,7
4862,7,7
4863,8,7
4864,7,7
4865,6,7
4866,6,7
4867,6,7
4868,7,7
4869,7,7
4870,7,7
4871,7,7
4872,7,7
4873,7,7
4874,7,7
4875,7,7
4876,7,7
4877,6,7
4878,7,7
4879,7,7
4880,6,7
4881,7,7
4882,7,7
4883,10,7
4884,7,7
4885,8,7
4886,7,7
4887,7,7
4888,7,7
4889,7,7
4890,10,7
4891,7,7
4892,7,7
4893,7,7
4894,7,7
4895,5,7
4896,3,7
4897,7,7
4898,5,7
4899,7,7
4900,6,7
4901,7,7
4902,7,7
4903,8,7
4904,7,7
4905,7,7
4906,5,7
4907,7,7
4908,7,7
4909,7,7
4910,7,7
4911,9,7
4912,7,7
4913,7,7
4914,7,7
4915,7,7
4916,7,7
4917,7,7
4918,7,7
4919,7,7
4920,7,7
4921,7,7
4922,7,7
4923,7,7
4924,7,7
4925,7,7
4926,6,7
4927,7,7
4928,6,7
4929,5,7
4930,7,7
4931,6,7
4932,7,7
4933,7,7
4934,7,7
4935,5,7
4936,7,7
4937,7,7
4938,5,7
4939,7,7
4940,7,7
4941,7,7
4942,8,7
4943,7,7
4944,7,7
4945,7,7
4946,7,7
4947,7,7
4948,7,7
4949,7,7
4950,7,7
4951,9,7
4952,7,7
4953,7,7
4954,7,7
4955,6,7
4956,7,7
4957,7,7
4958,7,7
4959,7,7
4960,7,7
4961,7,7
4962,7,7
4963,6,7
4964,7,7
4965,7,7
4966,7,7
4967,7,7
4968,7,7
4969,7,7
4970,2,7
4971,7,7
4972,7,7
4973,5,7
4974,7,7
4975,7,7
4976,7,7
4977,7,7
4978,8,7
4979,4,7
4980,6,7
4981,7,7
4982,7,7
4983,7,7
4984,7,7
4985,4,7
4986,8,7
4987,7,7
4988,7,7
4989,7,7
4990,7,7
4991,7,7
4992,6,7
4993,7,7
4994,7,7
4995,7,7
4996,6,7
4997,6,7
4998,5,7
4999,6,7
5000,7,7
5001,7,7
5002,6,7
5003,7,7
5004,7,7
5005,7,7
5006,7,7
5007,7,7
5008,7,7
5009,7,7
5010,7,7
5011,6,7
5012,6,7
5013,7,7
5014,10,7
5015,6,7
5016,7,7
5017,7,7
5018,7,7
5019,7,7
5020,5,7
5021,7,7
5022,7,7
5023,7,7
5024,7,7
5025,6,7
5026,7,7
5027,7,7
5028,7,7
5029,8,7
5030,7,7
5031,7,7
5032,7,7
5033,6,7
5034,7,7
5035,7,7
5036,7,7
5037,7,7
5038,7,7
5039,7,7
5040,7,7
5041,7,7
5042,7,7
5043,10,7
5044,7,7
5045,7,7
5046,9,7
5047,7,7
5048,7,7
5049,7,7
5050,10,7
5051,6,7
5052,7,7
5053,7,7
5054,7,7
5055,8,7
5056,7,7
5057,5,7
5058,5,7
5059,7,7
5060,8,7
5061,7,7
5062,7,7
5063,7,7
5064,6,7
5065,7,7
5066,7,7
5067,7,7
5068,7,7
5069,7,7
5070,7,7
5071,4,7
5072,7,7
5073,7,7
5074,6,7
5075,7,7
5076,7,7
5077,8,7
5078,7,7
5079,7,7
5080,7,7
5081,7,7
5082,7,7
5083,7,7
5084,7,7
5085,7,7
5086,7,7
5087,7,7
5088,7,7
5089,7,7
5090,7,7
5091,7,7
5092,7,7
5093,7,7
5094,7,7
5095,7,7
5096,7,7
5097,7,7
5098,7,7
5099,7,7
5100,6,7
5101,4,7
5102,7,7
5103,7,7
5104,6,7
5105,7,7
5106,7,7
5107,6,7
5108,7,7
5109,7,7
5110,6,7
5111,7,7
5112,7,7
5113,7,7
5114,7,7
5115,7,7
5116,7,7
5117,7,7
5118,7,7
5119,7,7
5120,5,7
5121,7,7
5122,7,7
5123,7,7
5124,7,7
5125,7,7
5126,7,7
5127,7,7
5128,7,7
5129,7,7
5130,7,7
5131,7,7
5132,5,7
5133,7,7
5134,7,7
5135,6,7
5136,7,7
5137,5,7
5138,7,7
5139,5,7
5140,7,7
5141,7,7
5142,6,7
5143,7,7
5144,7,7
5145,7,7
5146,7,7
5147,7,7
5148,7,7
5149,7,7
5150,7,7
5151,7,7
5152,7,7
5153,7,7
5154,4,7
5155,6,7
5156,6,7
5157,7,7
5158,7,7
5159,7,7
5160,6,7
5161,7,7
5162,7,7
5163,4,7
5164,7,7
5165,7,7
5166,1,7
5167,7,7
5168,7,7
5169,7,7
5170,7,7
5171,7,7
5172,7,7
5173,7,7
5174,7,7
5175,7,7
5176,8,7
5177,7,7
5178,7,7
5179,6,7
5180,7,7
5181,7,7
5182,7,7
5183,6,7
5184,7,7
5185,7,7
5186,7,7
5187,7,7
5188,8,7
5189,4,7
5190,7,7
5191,7,7
5192,7,7
5193,7,7
5194,7,7
5195,7,7
5196,4,7
5197,7,7
5198,7,7
5199,7,7
5200,4,7
5201,7,7
5202,7,7
5203,7,7
5204,8,7
5205,7,7
5206,4,7
5207,7,7
5208,7,7
5209,7,7
5210,7,7
5211,5,7
5212,7,7
5213,7,7
5214,7,7
5215,7,7
5216,7,7
5217,7,7
5218,7,7
5219,7,7
5220,7,7
5221,7,7
5222,7,7
5223,7,7
5224,7,7
5225,7,7
5226,7,7
5227,7,7
5228,7,7
5229,5,7
5230,7,7
5231,7,7
5232,7,7
5233,6,7
5234,7,7
5235,7,7
5236,6,7
5237,6,7
5238,7,7
5239,8,7
5240,7,7
5241,7,7
5242,7,7
5243,7,7
5244,7,7
5245,7,7
5246,5,7
5247,7,7
5248,6,7
5249,7,7
5250,7,7
5251,7,7
5252,8,7
5253,7,7
5254,6,7
5255,7,7
5256,7,7
5257,7,7
5258,7,7
5259,6,7
5260,7,7
5261,7,7
5262,7,7
5263,7,7
5264,7,7
5265,7,7
5266,7,7
5267,6,7
5268,7,7
5269,7,7
5270,6,7
5271,7,7
5272,7,7
5273,7,7
5274,7,7
5275,7,7
5276,7,7
5277,7,7
5278,7,7
5279,7,7
5280,7,7
5281,7,7
5282,7,7
5283,7,7
5284,7,7
5285,4,7
5286,7,7
5287,7,7
5288,7,7
5289,7,7
5290,4,7
5291,7,7
5292,7,7
5293,8,7
5294,7,7
5295,7,7
5296,7,7
5297,7,7
5298,2,7
5299,7,7
5300,7,7
5301,5,7
5302,7,7
5303,7,7
5304,4,7
5305,7,7
5306,6,7
5307,7,7
5308,7,7
5309,7,7
5310,7,7
5311,7,7
5312,8,7
5313,6,7
5314,7,7
5315,4,7
5316,7,7
5317,5,7
5318,7,7
5319,7,7
5320,7,7
5321,7,7
5322,7,7
5323,5,7
5324,7,7
5325,7,7
5326,7,7
5327,7,7
5328,7,7
5329,10,7
5330,7,7
5331,7,7
5332,4,7
5333,7,7
5334,7,7
5335,7,7
5336,6,7
5337,7,7
5338,6,7
5339,7,7
5340,7,7
5341,10,7
5342,7,7
5343,7,7
5344,10,7
5345,7,7
5346,7,7
5347,7,7
5348,7,7
5349,6,7
5350,7,7
5351,7,7
5352,7,7
5353,7,7
5354,6,7
5355,6,7
5356,7,7
5357,7,7
5358,6,7
5359,6,7
5360,7,7
5361,4,7
5362,7,7
5363,6,7
5364,7,7
5365,8,7
5366,2,7
5367,6,7
5368,7,7
5369,7,7
5370,6,7
5371,7,7
5372,2,7
5373,7,7
5374,7,7
5375,7,7
5376,7,7
5377,8,7
5378,7,7
5379,6,7
5380,7,7
5381,7,7
5382,7,7
5383,6,7
5384,7,7
5385,7,7
5386,7,7
5387,4,7
5388,7,7
5389,7,7
5390,7,7
5391,7,7
5392,4,7
5393,10,7
5394,4,7
5395,7,7
5396,8,7
5397,7,7
5398,7,7
5399,6,7
5400,7,7
5401,7,7
5402,7,7
5403,7,7
5404,7,7
5405,7,7
5406,10,7
5407,7,7
5408,7,7
5409,6,7
5410,7,7
5411,7,7
5412,7,7
5413,6,7
5414,7,7
5415,7,7
5416,7,7
5417,6,7
5418,7,7
5419,7,7
5420,7,7
5421,7,7
5422,7,7
5423,7,7
5424,7,7
5425,7,7
5426,7,7
5427,7,7
5428,7,7
5429,7,7
5430,7,7
5431,5,7
5432,8,7
5433,6,7
5434,8,7
5435,7,7
5436,7,7
5437,6,7
5438,7,7
5439,7,7
5440,7,7
5441,7,7
5442,8,7
5443,4,7
5444,6,7
5445,6,7
5446,5,7
5447,7,7
5448,6,7
5449,6,7
5450,7,7
5451,7,7
5452,7,7
5453,7,7
5454,7,7
5455,7,7
5456,7,7
5457,7,7
5458,7,7
5459,7,7
5460,7,7
5461,5,7
5462,7,7
5463,7,7
5464,7,7
5465,6,7
5466,7,7
5467,10,7
5468,7,7
5469,7,7
5470,8,7
5471,7,7
5472,7,7
5473,6,7
5474,7,7
5475,3,7
5476,3,7
5477,7,7
5478,6,7
5479,1,7
5480,5,7
5481,7,7
5482,7,7
5483,7,7
5484,7,7
5485,7,7
5486,6,7
5487,7,7
5488,7,7
5489,6,7
5490,6,7
5491,7,7
5492,7,7
5493,8,7
5494,7,7
5495,6,7
5496,7,7
5497,7,7
5498,4,7
5499,7,7
5500,6,7
5501,8,7
5502,7,7
5503,4,7
5504,8,7
5505,7,7
5506,7,7
5507,7,7
5508,7,7
5509,6,7
5510,7,7
5511,7,7
5512,7,7
5513,7,7
5514,6,7
5515,6,7
5516,4,7
5517,3,7
5518,7,7
5519,7,7
5520,10,7
5521,7,7
5522,7,7
5523,7,7
5524,7,7
5525,7,7
5526,7,7
5527,7,7
5528,7,7
5529,7,7
5530,7,7
5531,7,7
5532,7,7
5533,6,7
5534,7,7
5535,7,7
5536,1,7
5537,7,7
5538,3,7
5539,7,7
5540,2,7
5541,7,7
5542,9,7
5543,7,7
5544,7,7
5545,7,7
5546,7,7
5547,7,7
5548,7,7
5549,7,7
5550,8,7
5551,4,7
5552,7,7
5553,6,7
5554,7,7
5555,7,7
5556,5,7
5557,7,7
5558,7,7
5559,7,7
5560,7,7
5561,7,7
5562,7,7
5563,4,7
5564,7,7
5565,7,7
5566,10,7
5567,3,7
5568,7,7
5569,7,7
5570,6,7
5571,7,7
5572,7,7
5573,6,7
5574,7,7
5575,7,7
5576,7,7
5577,7,7
5578,7,7
5579,7,7
5580,7,7
5581,7,7
5582,7,7
5583,7,7
5584,6,7
5585,7,7
5586,5,7
5587,7,7
5588,1,7
5589,7,7
5590,7,7
5591,6,7
5592,7,7
5593,2,7
5594,4,7
5595,7,7
5596,7,7
5597,7,7
5598,7,7
5599,7,7
5600,7,7
5601,8,8
5602,4,8
5603,8,8
5604,8,8
5605,8,8
5606,8,8
5607,8,8
5608,8,8
5609,7,8
5610,8,8
5611,8,8
5612,8,8
5613,4,8
5614,8,8
5615,8,8
5616,8,8
5617,8,8
5618,8,8
5619,4,8
5620,8,8
5621,8,8
5622,8,8
5623,8,8
5624,8,8
5625,8,8
5626,8,8
5627,8,8
5628,8,8
5629,8,8
5630,6,8
5631,8,8
5632,8,8
5633,8,8
5634,8,8
5635,8,8
5636,8,8
5637,8,8
5638,8,8
5639,8,8
5640,8,8
5641,8,8
5642,8,8
5643,8,8
5644,8,8
5645,8,8
5646,4,8
5647,8,8
5648,8,8
5649,8,8
5650,8,8
5651,8,8
5652,8,8
5653,8,8
5654,8,8
5655,8,8
5656,8,8
5657,8,8
5658,8,8
5659,8,8
5660,8,8
5661,8,8
5662,8,8
5663,8,8
5664,5,8
5665,5,8
5666,8,8
5667,8,8
5668,8,8
5669,8,8
5670,4,8
5671,8,8
5672,6,8
5673,8,8
5674,8,8
5675,5,8
5676,8,8
5677,8,8
5678,8,8
5679,8,8
5680,8,8
5681,8,8
5682,8,8
5683,8,8
5684,8,8
5685,8,8
5686,8,8
5687,8,8
5688,8,8
5689,8,8
5690,8,8
5691,7,8
5692,8,8
5693,8,8
5694,8,8
5695,8,8
5696,8,8
5697,4,8
5698,8,8
5699,8,8
5700,8,8
5701,8,8
5702,4,8
5703,8,8
5704,8,8
5705,8,8
5706,2,8
5707,8,8
5708,8,8
5709,8,8
5710,5,8
5711,8,8
5712,8,8
5713,8,8
5714,8,8
5715,8,8
5716,8,8
5717,8,8
5718,8,8
5719,8,8
5720,5,8
5721,8,8
5722,8,8
5723,8,8
5724,8,8
5725,8,8
5726,8,8
5727,8,8
5728,8,8
5729,8,8
5730,8,8
5731,8,8
5732,8,8
5733,8,8
5734,8,8
5735,8,8
5736,8,8
5737,8,8
5738,8,8
5739,8,8
5740,8,8
5741,8,8
5742,8,8
5743,8,8
5744,8,8
5745,8,8
5746,8,8
5747,8,8
5748,8,8
5749,8,8
5750,8,8
5751,8,8
5752,8,8
5753,8,8
5754,8,8
5755,8,8
5756,6,8
5757,8,8
5758,8,8
5759,8,8
5760,5,8
5761,8,8
5762,8,8
5763,8,8
5764,8,8
5765,8,8
5766,8,8
5767,7,8
5768,1,8
5769,6,8
5770,8,8
5771,4,8
5772,8,8
5773,8,8
5774,4,8
5775,4,8
5776,8,8
5777,8,8
5778,8,8
5779,8,8
5780,5,8
5781,8,8
5782,8,8
5783,8,8
5784,8,8
5785,8,8
5786,8,8
5787,8,8
5788,8,8
5789,8,8
5790,8,8
5791,8,8
5792,4,8
5793,8,8
5794,8,8
5795,8,8
5796,8,8
5797,4,8
5798,8,8
5799,5,8
5800,8,8
5801,8,8
5802,8,8
5803,8,8
5804,8,8
5805,4,8
5806,4,8
5807,8,8
5808,8,8
5809,8,8
5810,8,8
5811,8,8
5812,8,8
5813,8,8
5814,8,8
5815,4,8
5816,8,8
5817,8,8
5818,8,8
5819,8,8
5820,8,8
5821,4,8
5822,8,8
5823,8,8
5824,8,8
5825,8,8
5826,8,8
5827,5,8
5828,8,8
5829,8,8
5830,8,8
5831,8,8
5832,4,8
5833,8,8
5834,2,8
5835,8,8
5836,8,8
5837,6,8
5838,8,8
5839,8,8
5840,8,8
5841,4,8
5842,4,8
5843,5,8
5844,8,8
5845,8,8
5846,4,8
5847,6,8
5848,8,8
5849,8,8
5850,8,8
5851,8,8
5852,8,8
5853,8,8
5854,8,8
5855,8,8
5856,8,8
5857,8,8
5858,8,8
5859,8,8
5860,8,8
5861,2,8
5862,8,8
5863,8,8
5864,8,8
5865,8,8
5866,8,8
5867,8,8
5868,4,8
5869,8,8
5870,8,8
5871,8,8
5872,8,8
5873,8,8
5874,8,8
5875,8,8
5876,8,8
5877,8,8
5878,8,8
5879,8,8
5880,8,8
5881,8,8
5882,8,8
5883,5,8
5884,8,8
5885,8,8
5886,8,8
5887,8,8
5888,8,8
5889,8,8
5890,2,8
5891,8,8
5892,8,8
5893,8,8
5894,8,8
5895,8,8
5896,8,8
5897,4,8
5898,8,8
5899,7,8
5900,8,8
5901,8,8
5902,8,8
5903,8,8
5904,6,8
5905,8,8
5906,8,8
5907,8,8
5908,8,8
5909,8,8
5910,8,8
5911,7,8
5912,5,8
5913,8,8
5914,4,8
5915,8,8
5916,8,8
5917,8,8
5918,8,8
5919,8,8
5920,8,8
5921,8,8
5922,8,8
5923,8,8
5924,8,8
5925,5,8
5926,8,8
5927,8,8
5928,8,8
5929,8,8
5930,8,8
5931,8,8
5932,8,8
5933,8,8
5934,8,8
5935,4,8
5936,8,8
5937,8,8
5938,8,8
5939,8,8
5940,8,8
5941,8,8
5942,8,8
5943,8,8
5944,8,8
5945,8,8
5946,8,8
5947,8,8
5948,8,8
5949,8,8
5950,8,8
5951,8,8
5952,8,8
5953,8,8
5954,8,8
5955,6,8
5956,8,8
5957,8,8
5958,8,8
5959,4,8
5960,8,8
5961,8,8
5962,8,8
5963,8,8
5964,8,8
5965,8,8
5966,8,8
5967,8,8
5968,8,8
5969,8,8
5970,8,8
5971,2,8
5972,8,8
5973,8,8
5974,8,8
5975,8,8
5976,8,8
5977,8,8
5978,8,8
5979,8,8
5980,6,8
5981,8,8
5982,8,8
5983,8,8
5984,8,8
5985,8,8
5986,6,8
5987,7,8
5988,8,8
5989,8,8
5990,8,8
5991,8,8
5992,8,8
5993,8,8
5994,5,8
5995,8,8
5996,8,8
5997,2,8
5998,8,8
5999,4,8
6000,8,8
6001,8,8
6002,6,8
6003,8,8
6004,5,8
6005,8,8
6006,6,8
6007,8,8
6008,5,8
6009,8,8
6010,8,8
6011,4,8
6012,8,8
6013,8,8
6014,8,8
6015,8,8
6016,4,8
6017,8,8
6018,8,8
6019,8,8
6020,8,8
6021,8,8
6022,7,8
6023,8,8
6024,8,8
6025,8,8
6026,2,8
6027,8,8
6028,8,8
6029,8,8
6030,8,8
6031,8,8
6032,8,8
6033,8,8
6034,5,8
6035,8,8
6036,8,8
6037,8,8
6038,5,8
6039,8,8
6040,8,8
6041,8,8
6042,8,8
6043,8,8
6044,8,8
6045,8,8
6046,8,8
6047,8,8
6048,8,8
6049,8,8
6050,8,8
6051,8,8
6052,8,8
6053,8,8
6054,8,8
6055,8,8
6056,8,8
6057,4,8
6058,8,8
6059,8,8
6060,8,8
6061,8,8
6062,8,8
6063,8,8
6064,4,8
6065,8,8
6066,8,8
6067,8,8
6068,8,8
6069,4,8
6070,8,8
6071,8,8
6072,4,8
6073,8,8
6074,8,8
6075,8,8
6076,7,8
6077,8,8
6078,8,8
6079,8,8
6080,8,8
6081,8,8
6082,8,8
6083,8,8
6084,8,8
6085,8,8
6086,8,8
6087,8,8
6088,8,8
6089,8,8
6090,8,8
6091,4,8
6092,6,8
6093,8,8
6094,8,8
6095,8,8
6096,6,8
6097,8,8
6098,8,8
6099,8,8
6100,8,8
6101,4,8
6102,8,8
6103,6,8
6104,8,8
6105,8,8
6106,8,8
6107,8,8
6108,4,8
6109,8,8
6110,8,8
6111,6,8
6112,8,8
6113,8,8
6114,6,8
6115,8,8
6116,8,8
6117,8,8
6118,8,8
6119,8,8
6120,8,8
6121,6,8
6122,8,8
6123,8,8
6124,1,8
6125,8,8
6126,8,8
6127,8,8
6128,8,8
6129,8,8
6130,8,8
6131,8,8
6132,10,8
6133,8,8
6134,8,8
6135,8,8
6136,4,8
6137,8,8
6138,8,8
6139,8,8
6140,8,8
6141,8,8
6142,8,8
6143,5,8
6144,2,8
6145,8,8
6146,8,8
6147,8,8
6148,5,8
6149,8,8
6150,8,8
6151,8,8
6152,8,8
6153,8,8
6154,8,8
6155,8,8
6156,8,8
6157,8,8
6158,8,8
6159,8,8
6160,8,8
6161,8,8
6162,8,8
6163,8,8
6164,8,8
6165,8,8
6166,8,8
6167,8,8
6168,8,8
6169,8,8
6170,6,8
6171,8,8
6172,8,8
6173,8,8
6174,8,8
6175,8,8
6176,8,8
6177,8,8
6178,8,8
6179,8,8
6180,8,8
6181,8,8
6182,4,8
6183,8,8
6184,8,8
6185,8,8
6186,8,8
6187,8,8
6188,8,8
6189,2,8
6190,8,8
6191,8,8
6192,8,8
6193,8,8
6194,8,8
6195,8,8
6196,8,8
6197,8,8
6198,8,8
6199,8,8
6200,8,8
6201,8,8
6202,8,8
6203,8,8
6204,4,8
6205,8,8
6206,8,8
6207,8,8
6208,6,8
6209,8,8
6210,8,8
6211,8,8
6212,8,8
6213,8,8
6214,7,8
6215,8,8
6216,8,8
6217,5,8
6218,8,8
6219,8,8
6220,8,8
6221,8,8
6222,8,8
6223,8,8
6224,8,8
6225,8,8
6226,8,8
6227,8,8
6228,8,8
6229,8,8
6230,8,8
6231,7,8
6232,8,8
6233,8,8
6234,8,8
6235,4,8
6236,8,8
6237,8,8
6238,8,8
6239,8,8
6240,8,8
6241,8,8
6242,8,8
6243,8,8
6244,8,8
6245,8,8
6246,8,8
6247,8,8
6248,7,8
6249,8,8
6250,8,8
6251,4,8
6252,6,8
6253,8,8
6254,8,8
6255,8,8
6256,8,8
6257,8,8
6258,7,8
6259,8,8
6260,8,8
6261,8,8
6262,8,8
6263,8,8
6264,8,8
6265,8,8
6266,4,8
6267,4,8
6268,5,8
6269,4,8
6270,4,8
6271,8,8
6272,8,8
6273,8,8
6274,8,8
6275,4,8
6276,4,8
6277,7,8
6278,8,8
6279,8,8
6280,8,8
6281,8,8
6282,8,8
6283,8,8
6284,8,8
6285,8,8
6286,8,8
6287,8,8
6288,8,8
6289,8,8
6290,8,8
6291,8,8
6292,8,8
6293,8,8
6294,8,8
6295,8,8
6296,8,8
6297,8,8
6298,8,8
6299,8,8
6300,8,8
6301,8,8
6302,8,8
6303,8,8
6304,2,8
6305,8,8
6306,8,8
6307,8,8
6308,8,8
6309,8,8
6310,4,8
6311,8,8
6312,8,8
6313,8,8
6314,8,8
6315,8,8
6316,8,8
6317,8,8
6318,8,8
6319,8,8
6320,4,8
6321,8,8
6322,8,8
6323,5,8
6324,8,8
6325,8,8
6326,8,8
6327,5,8
6328,8,8
6329,8,8
6330,4,8
6331,8,8
6332,4,8
6333,8,8
6334,7,8
6335,8,8
6336,8,8
6337,8,8
6338,8,8
6339,8,8
6340,8,8
6341,7,8
6342,8,8
6343,8,8
6344,4,8
6345,5,8
6346,8,8
6347,8,8
6348,8,8
6349,8,8
6350,8,8
6351,8,8
6352,7,8
6353,4,8
6354,8,8
6355,7,8
6356,8,8
6357,7,8
6358,8,8
6359,8,8
6360,8,8
6361,8,8
6362,8,8
6363,8,8
6364,8,8
6365,8,8
6366,5,8
6367,8,8
6368,8,8
6369,7,8
6370,8,8
6371,8,8
6372,8,8
6373,8,8
6374,8,8
6375,8,8
6376,8,8
6377,9,8
6378,8,8
6379,8,8
6380,8,8
6381,8,8
6382,8,8
6383,8,8
6384,8,8
6385,8,8
6386,5,8
6387,4,8
6388,8,8
6389,8,8
6390,4,8
6391,8,8
6392,8,8
6393,7,8
6394,8,8
6395,8,8
6396,8,8
6397,8,8
6398,5,8
6399,8,8
6400,4,8
6401,9,9
6402,9,9
6403,6,9
6404,9,9
6405,9,9
6406,9,9
6407,6,9
6408,9,9
6409,9,9
6410,9,9
6411,9,9
6412,9,9
6413,9,9
6414,9,9
6415,9,9
6416,1,9
6417,2,9
6418,9,9
6419,9,9
6420,9,9
6421,9,9
6422,9,9
6423,9,9
6424,9,9
6425,9,9
6426,9,9
6427,9,9
6428,9,9
6429,9,9
6430,9,9
6431,9,9
6432,9,9
6433,1,9
6434,9,9
6435,9,9
6436,9,9
6437,9,9
6438,9,9
6439,9,9
6440,9,9
6441,9,9
6442,9,9
6443,9,9
6444,1,9
6445,9,9
6446,9,9
6447,9,9
6448,9,9
6449,9,9
6450,10,9
6451,9,9
6452,9,9
6453,9,9
6454,9,9
6455,9,9
6456,9,9
6457,9,9
6458,10,9
6459,1,9
6460,9,9
6461,9,9
6462,9,9
6463,9,9
6464,1,9
6465,9,9
6466,9,9
6467,9,9
6468,9,9
6469,9,9
6470,9,9
6471,9,9
6472,9,9
6473,10,9
6474,9,9
6475,9,9
6476,9,9
6477,9,9
6478,9,9
6479,9,9
6480,9,9
6481,9,9
6482,9,9
6483,9,9
6484,9,9
6485,9,9
6486,9,9
6487,9,9
6488,9,9
6489,9,9
6490,9,9
6491,9,9
6492,9,9
6493,9,9
6494,9,9
6495,9,9
6496,9,9
6497,10,9
6498,9,9
6499,1,9
6500,9,9
6501,9,9
6502,9,9
6503,9,9
6504,9,9
6505,9,9
6506,9,9
6507,9,9
6508,9,9
6509,9,9
6510,9,9
6511,1,9
6512,9,9
6513,9,9
6514,9,9
6515,9,9
6516,9,9
6517,9,9
6518,9,9
6519,10,9
6520,9,9
6521,9,9
6522,9,9
6523,9,9
6524,4,9
6525,9,9
6526,9,9
6527,9,9
6528,9,9
6529,9,9
6530,9,9
6531,4,9
6532,9,9
6533,1,9
6534,9,9
6535,9,9
6536,9,9
6537,9,9
6538,9,9
6539,9,9
6540,9,9
6541,9,9
6542,9,9
6543,9,9
6544,9,9
6545,9,9
6546,9,9
6547,9,9
6548,10,9
6549,9,9
6550,2,9
6551,9,9
6552,9,9
6553,9,9
6554,9,9
6555,9,9
6556,9,9
6557,9,9
6558,9,9
6559,9,9
6560,9,9
6561,9,9
6562,1,9
6563,9,9
6564,9,9
6565,9,9
6566,9,9
6567,9,9
6568,9,9
6569,9,9
6570,9,9
6571,9,9
6572,10,9
6573,9,9
6574,1,9
6575,9,9
6576,4,9
6577,1,9
6578,9,9
6579,9,9
6580,9,9
6581,9,9
6582,9,9
6583,9,9
6584,10,9
6585,9,9
6586,9,9
6587,9,9
6588,9,9
6589,3,9
6590,10,9
6591,9,9
6592,9,9
6593,10,9
6594,9,9
6595,9,9
6596,9,9
6597,9,9
6598,9,9
6599,9,9
6600,9,9
6601,9,9
6602,9,9
6603,9,9
6604,9,9
6605,9,9
6606,9,9
6607,9,9
6608,10,9
6609,9,9
6610,9,9
6611,9,9
6612,9,9
6613,9,9
6614,10,9
6615,9,9
6616,9,9
6617,9,9
6618,1,9
6619,9,9
6620,9,9
6621,9,9
6622,9,9
6623,9,9
6624,1,9
6625,9,9
6626,10,9
6627,9,9
6628,10,9
6629,9,9
6630,9,9
6631,10,9
6632,9,9
6633,9,9
6634,9,9
6635,9,9
6636,9,9
6637,9,9
6638,9,9
6639,1,9
6640,9,9
6641,9,9
6642,9,9
6643,9,9
6644,9,9
6645,1,9
6646,9,9
6647,9,9
6648,9,9
6649,9,9
6650,9,9
6651,9,9
6652,9,9
6653,1,9
6654,9,9
6655,9,9
6656,9,9
6657,9,9
6658,9,9
6659,9,9
6660,9,9
6661,3,9
6662,9,9
6663,9,9
6664,9,9
6665,9,9
6666,9,9
6667,9,9
6668,1,9
6669,9,9
6670,9,9
6671,9,9
6672,9,9
6673,9,9
6674,9,9
6675,9,9
6676,9,9
6677,9,9
6678,9,9
6679,9,9
6680,9,9
6681,9,9
6682,9,9
6683,4,9
6684,9,9
6685,9,9
6686,9,9
6687,1,9
6688,9,9
6689,9,9
6690,9,9
6691,9,9
6692,9,9
6693,9,9
6694,9,9
6695,9,9
6696,1,9
6697,9,9
6698,9,9
6699,9,9
6700,3,9
6701,9,9
6702,1,9
6703,9,9
6704,9,9
6705,9,9
6706,9,9
6707,9,9
6708,1,9
6709,9,9
6710,9,9
6711,1,9
6712,9,9
6713,9,9
6714,9,9
6715,9,9
6716,9,9
6717,2,9
6718,1,9
6719,1,9
6720,9,9
6721,9,9
6722,9,9
6723,1,9
6724,9,9
6725,9,9
6726,9,9
6727,9,9
6728,10,9
6729,1,9
6730,9,9
6731,9,9
6732,9,9
6733,9,9
6734,9,9
6735,9,9
6736,9,9
6737,9,9
6738,9,9
6739,9,9
6740,9,9
6741,9,9
6742,9,9
6743,9,9
6744,10,9
6745,1,9
6746,9,9
6747,9,9
6748,9,9
6749,9,9
6750,9,9
6751,9,9
6752,9,9
6753,1,9
6754,9,9
6755,7,9
6756,9,9
6757,9,9
6758,9,9
6759,1,9
6760,9,9
6761,9,9
6762,9,9
6763,9,9
6764,1,9
6765,9,9
6766,9,9
6767,9,9
6768,9,9
6769,9,9
6770,9,9
6771,6,9
6772,9,9
6773,1,9
6774,9,9
6775,9,9
6776,9,9
6777,9,9
6778,9,9
6779,9,9
6780,9,9
6781,9,9
6782,9,9
6783,9,9
6784,9,9
6785,10,9
6786,9,9
6787,9,9
6788,9,9
6789,9,9
6790,9,9
6791,9,9
6792,9,9
6793,1,9
6794,9,9
6795,9,9
6796,9,9
6797,10,9
6798,9,9
6799,9,9
6800,9,9
6801,4,9
6802,9,9
6803,9,9
6804,9,9
6805,9,9
6806,7,9
6807,9,9
6808,9,9
6809,9,9
6810,9,9
6811,9,9
6812,10,9
6813,9,9
6814,9,9
6815,9,9
6816,9,9
6817,9,9
6818,9,9
6819,9,9
6820,9,9
6821,9,9
6822,9,9
6823,9,9
6824,9,9
6825,9,9
6826,9,9
6827,9,9
6828,9,9
6829,9,9
6830,9,9
6831,9,9
6832,9,9
6833,9,9
6834,9,9
6835,9,9
6836,9,9
6837,9,9
6838,9,9
6839,9,9
6840,9,9
6841,9,9
6842,9,9
6843,9,9
6844,1,9
6845,9,9
6846,9,9
6847,9,9
6848,9,9
6849,1,9
6850,9,9
6851,9,9
6852,9,9
6853,9,9
6854,9,9
6855,9,9
6856,9,9
6857,9,9
6858,10,9
6859,9,9
6860,1,9
6861,9,9
6862,9,9
6863,9,9
6864,10,9
6865,6,9
6866,9,9
6867,9,9
6868,9,9
6869,9,9
6870,9,9
6871,9,9
6872,9,9
6873,9,9
6874,9,9
6875,9,9
6876,9,9
6877,9,9
6878,9,9
6879,9,9
6880,9,9
6881,9,9
6882,9,9
6883,9,9
6884,9,9
6885,9,9
6886,9,9
6887,9,9
6888,9,9
6889,9,9
6890,9,9
6891,9,9
6892,9,9
6893,9,9
6894,9,9
6895,9,9
6896,9,9
6897,9,9
6898,9,9
6899,9,9
6900,9,9
6901,9,9
6902,1,9
6903,9,9
6904,9,9
6905,9,9
6906,10,9
6907,9,9
6908,9,9
6909,9,9
6910,9,9
6911,9,9
6912,9,9
6913,1,9
6914,9,9
6915,9,9
6916,9,9
6917,9,9
6918,9,9
6919,9,9
6920,9,9
6921,9,9
6922,10,9
6923,9,9
6924,9,9
6925,9,9
6926,1,9
6927,9,9
6928,9,9
6929,1,9
6930,9,9
6931,9,9
6932,9,9
6933,9,9
6934,9,9
6935,9,9
6936,9,9
6937,9,9
6938,9,9
6939,9,9
6940,9,9
6941,9,9
6942,10,9
6943,4,9
6944,9,9
6945,9,9
6946,9,9
6947,9,9
6948,9,9
6949,9,9
6950,10,9
6951,9,9
6952,5,9
6953,9,9
6954,9,9
6955,9,9
6956,9,9
6957,1,9
6958,3,9
6959,9,9
6960,9,9
6961,9,9
6962,9,9
6963,1,9
6964,1,9
6965,9,9
6966,9,9
6967,9,9
6968,9,9
6969,9,9
6970,9,9
6971,9,9
6972,9,9
6973,9,9
6974,9,9
6975,9,9
6976,9,9
6977,9,9
6978,9,9
6979,9,9
6980,9,9
6981,1,9
6982,9,9
6983,9,9
6984,9,9
6985,9,9
6986,9,9
6987,9,9
6988,9,9
6989,9,9
6990,9,9
6991,9,9
6992,9,9
6993,10,9
6994,9,9
6995,1,9
6996,9,9
6997,1,9
6998,9,9
6999,9,9
7000,9,9
7001,9,9
7002,9,9
7003,9,9
7004,9,9
7005,9,9
7006,9,9
7007,9,9
7008,10,9
7009,9,9
7010,9,9
7011,9,9
7012,4,9
7013,9,9
7014,9,9
7015,9,9
7016,9,9
7017,9,9
7018,9,9
7019,9,9
7020,9,9
7021,9,9
7022,9,9
7023,9,9
7024,9,9
7025,9,9
7026,9,9
7027,9,9
7028,9,9
7029,9,9
7030,9,9
7031,9,9
7032,9,9
7033,9,9
7034,9,9
7035,9,9
7036,9,9
7037,9,9
7038,1,9
7039,9,9
7040,9,9
7041,10,9
7042,9,9
7043,9,9
7044,9,9
7045,9,9
7046,9,9
7047,9,9
7048,9,9
7049,9,9
7050,9,9
7051,9,9
7052,9,9
7053,1,9
7054,9,9
7055,9,9
7056,9,9
7057,1,9
7058,9,9
7059,1,9
7060,9,9
7061,9,9
7062,9,9
7063,9,9
7064,9,9
7065,9,9
7066,9,9
7067,9,9
7068,9,9
7069,9,9
7070,9,9
7071,9,9
7072,9,9
7073,9,9
7074,9,9
7075,9,9
7076,9,9
7077,9,9
7078,9,9
7079,9,9
7080,9,9
7081,9,9
7082,9,9
7083,9,9
7084,9,9
7085,9,9
7086,10,9
7087,9,9
7088,9,9
7089,9,9
7090,1,9
7091,9,9
7092,9,9
7093,9,9
7094,1,9
7095,9,9
7096,9,9
7097,9,9
7098,9,9
7099,9,9
7100,10,9
7101,9,9
7102,9,9
7103,9,9
7104,9,9
7105,9,9
7106,9,9
7107,9,9
7108,9,9
7109,1,9
7110,9,9
7111,9,9
7112,9,9
7113,9,9
7114,9,9
7115,9,9
7116,9,9
7117,9,9
7118,9,9
7119,9,9
7120,9,9
7121,9,9
7122,9,9
7123,9,9
7124,9,9
7125,9,9
7126,9,9
7127,9,9
7128,9,9
7129,9,9
7130,10,9
7131,1,9
7132,4,9
7133,9,9
7134,9,9
7135,9,9
7136,9,9
7137,9,9
7138,9,9
7139,7,9
7140,9,9
7141,9,9
7142,9,9
7143,10,9
7144,9,9
7145,9,9
7146,9,9
7147,9,9
7148,9,9
7149,6,9
7150,9,9
7151,9,9
7152,9,9
7153,9,9
7154,4,9
7155,9,9
7156,1,9
7157,1,9
7158,9,9
7159,10,9
7160,9,9
7161,9,9
7162,9,9
7163,9,9
7164,9,9
7165,10,9
7166,9,9
7167,9,9
7168,9,9
7169,4,9
7170,9,9
7171,9,9
7172,9,9
7173,9,9
7174,1,9
7175,9,9
7176,9,9
7177,10,9
7178,9,9
7179,9,9
7180,9,9
7181,10,9
7182,10,9
7183,9,9
7184,9,9
7185,9,9
7186,9,9
7187,9,9
7188,10,9
7189,9,9
7190,1,9
7191,2,9
7192,9,9
7193,9,9
7194,9,9
7195,9,9
7196,9,9
7197,9,9
7198,9,9
7199,9,9
7200,1,9
7201,10,10
7202,10,10
7203,10,10
7204,1,10
7205,10,10
7206,10,10
7207,10,10
7208,10,10
7209,10,10
7210,10,10
7211,10,10
7212,10,10
7213,10,10
7214,3,10
7215,10,10
7216,3,10
7217,10,10
7218,10,10
7219,10,10
7220,10,10
7221,10,10
7222,3,10
7223,3,10
7224,10,10
7225,10,10
7226,10,10
7227,10,10
7228,10,10
7229,10,10
7230,4,10
7231,3,10
7232,10,10
7233,10,10
7234,10,10
7235,9,10
7236,10,10
7237,10,10
7238,10,10
7239,2,10
7240,10,10
7241,10,10
7242,10,10
7243,3,10
7244,10,10
7245,3,10
7246,10,10
7247,10,10
7248,10,10
7249,3,10
7250,10,10
7251,10,10
7252,10,10
7253,10,10
7254,10,10
7255,10,10
7256,10,10
7257,10,10
7258,10,10
7259,10,10
7260,10,10
7261,10,10
7262,10,10
7263,4,10
7264,10,10
7265,10,10
7266,10,10
7267,10,10
7268,10,10
7269,10,10
7270,10,10
7271,10,10
7272,10,10
7273,10,10
7274,10,10
7275,3,10
7276,7,10
7277,10,10
7278,10,10
7279,10,10
7280,10,10
7281,10,10
7282,10,10
7283,10,10
7284,10,10
7285,1,10
7286,10,10
7287,3,10
7288,1,10
7289,9,10
7290,10,10
7291,10,10
7292,10,10
7293,10,10
7294,10,10
7295,3,10
7296,10,10
7297,4,10
7298,1,10
7299,10,10
7300,10,10
7301,10,10
7302,10,10
7303,10,10
7304,3,10
7305,10,10
7306,3,10
7307,10,10
7308,10,10
7309,5,10
7310,10,10
7311,10,10
7312,10,10
7313,10,10
7314,10,10
7315,3,10
7316,10,10
7317,10,10
7318,3,10
7319,10,10
7320,10,10
7321,10,10
7322,10,10
7323,10,10
7324,10,10
7325,10,10
7326,10,10
7327,10,10
7328,3,10
7329,10,10
7330,3,10
7331,10,10
7332,10,10
7333,10,10
7334,4,10
7335,10,10
7336,10,10
7337,3,10
7338,10,10
7339,10,10
7340,10,10
7341,9,10
7342,10,10
7343,10,10
7344,10,10
7345,3,10
7346,10,10
7347,10,10
7348,10,10
7349,10,10
7350,3,10
7351,10,10
7352,10,10
7353,10,10
7354,9,10
7355,3,10
7356,10,10
7357,7,10
7358,3,10
7359,10,10
7360,10,10
7361,10,10
7362,10,10
7363,10,10
7364,3,10
7365,10,10
7366,10,10
7367,3,10
7368,10,10
7369,10,10
7370,3,10
7371,10,10
7372,10,10
7373,10,10
7374,1,10
7375,10,10
7376,10,10
7377,10,10
7378,10,10
7379,10,10
7380,10,10
7381,10,10
7382,10,10
7383,10,10
7384,10,10
7385,10,10
7386,10,10
7387,10,10
7388,10,10
7389,10,10
7390,10,10
7391,10,10
7392,10,10
7393,10,10
7394,10,10
7395,10,10
7396,10,10
7397,1,10
7398,10,10
7399,10,10
7400,10,10
7401,3,10
7402,10,10
7403,10,10
7404,10,10
7405,9,10
7406,10,10
7407,10,10
7408,10,10
7409,9,10
7410,10,10
7411,10,10
7412,10,10
7413,3,10
7414,3,10
7415,10,10
7416,1,10
7417,10,10
7418,10,10
7419,10,10
7420,10,10
7421,1,10
7422,10,10
7423,10,10
7424,10,10
7425,4,10
7426,10,10
7427,10,10
7428,10,10
7429,5,10
7430,10,10
7431,10,10
7432,10,10
7433,10,10
7434,10,10
7435,10,10
7436,10,10
7437,10,10
7438,3,10
7439,3,10
7440,10,10
7441,10,10
7442,10,10
7443,10,10
7444,10,10
7445,10,10
7446,10,10
7447,10,10
7448,10,10
7449,10,10
7450,7,10
7451,1,10
7452,10,10
7453,10,10
7454,4,10
7455,10,10
7456,10,10
7457,10,10
7458,3,10
7459,10,10
7460,10,10
7461,10,10
7462,10,10
7463,10,10
7464,4,10
7465,10,10
7466,10,10
7467,10,10
7468,10,10
7469,10,10
7470,10,10
7471,10,10
7472,10,10
7473,10,10
7474,7,10
7475,10,10
7476,10,10
7477,10,10
7478,10,10
7479,10,10
7480,10,10
7481,10,10
7482,10,10
7483,6,10
7484,10,10
7485,9,10
7486,10,10
7487,10,10
7488,10,10
7489,10,10
7490,10,10
7491,10,10
7492,10,10
7493,10,10
7494,10,10
7495,10,10
7496,10,10
7497,10,10
7498,10,10
7499,10,10
7500,10,10
7501,7,10
7502,10,10
7503,10,10
7504,10,10
7505,10,10
7506,10,10
7507,10,10
7508,10,10
7509,10,10
7510,10,10
7511,10,10
7512,10,10
7513,10,10
7514,10,10
7515,10,10
7516,9,10
7517,3,10
7518,10,10
7519,10,10
7520,10,10
7521,10,10
7522,9,10
7523,10,10
7524,10,10
7525,10,10
7526,3,10
7527,10,10
7528,3,10
7529,10,10
7530,10,10
7531,10,10
7532,10,10
7533,10,10
7534,10,10
7535,3,10
7536,10,10
7537,10,10
7538,10,10
7539,10,10
7540,1,10
7541,10,10
7542,10,10
7543,10,10
7544,9,10
7545,3,10
7546,10,10
7547,10,10
7548,10,10
7549,10,10
7550,7,10
7551,1,10
7552,10,10
7553,10,10
7554,10,10
7555,10,10
7556,3,10
7557,10,10
7558,10,10
7559,10,10
7560,3,10
7561,10,10
7562,10,10
7563,3,10
7564,10,10
7565,10,10
7566,10,10
7567,9,10
7568,10,10
7569,10,10
7570,10,10
7571,6,10
7572,10,10
7573,10,10
7574,10,10
7575,1,10
7576,10,10
7577,3,10
7578,6,10
7579,7,10
7580,3,10
7581,10,10
7582,4,10
7583,10,10
7584,10,10
7585,10,10
7586,10,10
7587,3,10
7588,10,10
7589,3,10
7590,10,10
7591,10,10
7592,10,10
7593,10,10
7594,10,10
7595,10,10
7596,10,10
7597,10,10
7598,10,10
7599,10,10
7600,10,10
7601,3,10
7602,10,10
7603,4,10
7604,10,10
7605,10,10
7606,10,10
7607,10,10
7608,10,10
7609,10,10
7610,6,10
7611,10,10
7612,10,10
7613,1,10
7614,10,10
7615,3,10
7616,3,10
7617,10,10
7618,9,10
7619,10,10
7620,10,10
7621,1,10
7622,3,10
7623,10,10
7624,10,10
7625,10,10
7626,10,10
7627,10,10
7628,10,10
7629,10,10
7630,10,10
7631,10,10
7632,10,10
7633,4,10
7634,3,10
7635,10,10
7636,10,10
7637,10,10
7638,6,10
7639,10,10
7640,10,10
7641,6,10
7642,9,10
7643,10,10
7644,10,10
7645,9,10
7646,10,10
7647,3,10
7648,9,10
7649,10,10
7650,10,10
7651,10,10
7652,10,10
7653,10,10
7654,10,10
7655,10,10
7656,10,10
7657,10,10
7658,10,10
7659,3,10
7660,10,10
7661,10,10
7662,6,10
7663,10,10
7664,1,10
7665,10,10
7666,10,10
7667,10,10
7668,10,10
7669,10,10
7670,10,10
7671,10,10
7672,10,10
7673,5,10
7674,10,10
7675,10,10
7676,9,10
7677,10,10
7678,10,10
7679,10,10
7680,10,10
7681,10,10
7682,10,10
7683,10,10
7684,10,10
7685,10,10
7686,1,10
7687,10,10
7688,3,10
7689,10,10
7690,10,10
7691,3,10
7692,10,10
7693,10,10
7694,10,10
7695,10,10
7696,10,10
7697,10,10
7698,10,10
7699,10,10
7700,10,10
7701,10,10
7702,3,10
7703,10,10
7704,10,10
7705,10,10
7706,10,10
7707,10,10
7708,10,10
7709,10,10
7710,10,10
7711,3,10
7712,10,10
7713,9,10
7714,10,10
7715,10,10
7716,10,10
7717,10,10
7718,10,10
7719,9,10
7720,1,10
7721,3,10
7722,3,10
7723,10,10
7724,10,10
7725,1,10
7726,10,10
7727,10,10
7728,10,10
7729,3,10
7730,10,10
7731,10,10
7732,10,10
7733,9,10
7734,10,10
7735,10,10
7736,10,10
7737,3,10
7738,3,10
7739,10,10
7740,10,10
7741,10,10
7742,1,10
7743,3,10
7744,10,10
7745,10,10
7746,10,10
7747,10,10
7748,10,10
7749,10,10
7750,10,10
7751,10,10
7752,10,10
7753,3,10
7754,10,10
7755,10,10
7756,3,10
7757,10,10
7758,3,10
7759,10,10
7760,3,10
7761,3,10
7762,10,10
7763,10,10
7764,10,10
7765,10,10
7766,4,10
7767,10,10
7768,5,10
7769,10,10
7770,10,10
7771,10,10
7772,10,10
7773,10,10
7774,10,10
7775,10,10
7776,10,10
7777,10,10
7778,10,10
7779,10,10
7780,10,10
7781,10,10
7782,10,10
7783,9,10
7784,10,10
7785,10,10
7786,9,10
7787,10,10
7788,10,10
7789,3,10
7790,10,10
7791,10,10
7792,10,10
7793,10,10
7794,10,10
7795,10,10
7796,10,10
7797,3,10
7798,10,10
7799,10,10
7800,10,10
7801,10,10
7802,10,10
7803,3,10
7804,10,10
7805,10,10
7806,8,10
7807,10,10
7808,10,10
7809,10,10
7810,10,10
7811,3,10
7812,10,10
7813,10,10
7814,10,10
7815,10,10
7816,9,10
7817,10,10
7818,10,10
7819,10,10
7820,10,10
7821,10,10
7822,1,10
7823,10,10
7824,10,10
7825,10,10
7826,10,10
7827,10,10
7828,10,10
7829,4,10
7830,10,10
7831,10,10
7832,10,10
7833,10,10
7834,10,10
7835,10,10
7836,1,10
7837,10,10
7838,10,10
7839,3,10
7840,10,10
7841,3,10
7842,10,10
7843,3,10
7844,10,10
7845,10,10
7846,10,10
7847,10,10
7848,10,10
7849,10,10
7850,1,10
7851,1,10
7852,10,10
7853,6,10
7854,10,10
7855,10,10
7856,3,10
7857,10,10
7858,10,10
7859,10,10
7860,10,10
7861,10,10
7862,3,10
7863,10,10
7864,10,10
7865,10,10
7866,10,10
7867,1,10
7868,10,10
7869,10,10
7870,10,10
7871,10,10
7872,10,10
7873,10,10
7874,1,10
7875,10,10
7876,10,10
7877,10,10
7878,10,10
7879,9,10
7880,10,10
7881,10,10
7882,10,10
7883,10,10
7884,3,10
7885,1,10
7886,10,10
7887,10,10
7888,10,10
7889,10,10
7890,10,10
7891,10,10
7892,10,10
7893,5,10
7894,9,10
7895,10,10
7896,10,10
7897,10,10
7898,10,10
7899,10,10
7900,10,10
7901,10,10
7902,1,10
7903,10,10
7904,3,10
7905,10,10
7906,10,10
7907,4,10
7908,10,10
7909,3,10
7910,10,10
7911,3,10
7912,10,10
7913,10,10
7914,10,10
7915,8,10
7916,3,10
7917,10,10
7918,10,10
7919,10,10
7920,10,10
7921,10,10
7922,10,10
7923,10,10
7924,10,10
7925,10,10
7926,10,10
7927,10,10
7928,10,10
7929,10,10
7930,10,10
7931,10,10
7932,3,10
7933,10,10
7934,10,10
7935,10,10
7936,10,10
7937,10,10
7938,3,10
7939,9,10
7940,10,10
7941,10,10
7942,10,10
7943,6,10
7944,9,10
7945,10,10
7946,10,10
7947,2,10
7948,10,10
7949,10,10
7950,10,10
7951,10,10
7952,10,10
7953,3,10
7954,10,10
7955,10,10
7956,10,10
7957,10,10
7958,10,10
7959,10,10
7960,10,10
7961,10,10
7962,10,10
7963,10,10
7964,10,10
7965,10,10
7966,3,10
7967,3,10
7968,10,10
7969,10,10
7970,10,10
7971,10,10
7972,8,10
7973,10,10
7974,10,10
7975,10,10
7976,10,10
7977,10,10
7978,10,10
7979,10,10
7980,10,10
7981,10,10
7982,1,10
7983,10,10
7984,10,10
7985,10,10
7986,10,10
7987,3,10
7988,3,10
7989,10,10
7990,10,10
7991,10,10
7992,3,10
7993,10,10
7994,10,10
7995,10,10
7996,10,10
7997,10,10
7998,10,10
7999,10,10
8000,10,10
